Workbook

Sheet 이행현황요약
A1: 대한민국 AI 행동계획 2026 — 이행현황 요약
A2: 출처: 국가AI전략위 행동계획 확정본(’26.2.25) + K-AI2026 대시보드(UNOFFICIAL) 분석 기준
A3: 기준일 | B3: 46206
A5: ■ 총괄 | D5: ■ 위험도별 현황 (기준일 기준)
A6: 실천과제 수 | B6: 99 | D6: 위험도 | E6: 권고 수 | F6: 비중
A7: 정책권고 수 | B7: =COUNTA('★최종안'!$D$2:$D$327) -> 326 | D7: 기한초과 | E7: =COUNTIF('★최종안'!$O$2:$O$327,"기한초과") -> 166 | F7: =E7/SUM($E$7:$E$12) -> 0.50920245
A8: 정책축 | B8: 3 | D8: 긴급 | E8: =COUNTIF('★최종안'!$O$2:$O$327,"긴급") -> 0 | F8: =E8/SUM($E$7:$E$12) -> 0
A9: 전략분야 | B9: 12 | D9: 주의 | E9: =COUNTIF('★최종안'!$O$2:$O$327,"주의") -> 28 | F9: =E9/SUM($E$7:$E$12) -> 0.085889571
D10: 관찰 | E10: =COUNTIF('★최종안'!$O$2:$O$327,"관찰") -> 72 | F10: =E10/SUM($E$7:$E$12) -> 0.2208589
D11: 여유 | E11: =COUNTIF('★최종안'!$O$2:$O$327,"여유") -> 36 | F11: =E11/SUM($E$7:$E$12) -> 0.11042945
D12: 기한없음 | E12: =COUNTIF('★최종안'!$O$2:$O$327,"기한없음") -> 24 | F12: =E12/SUM($E$7:$E$12) -> 0.073619632
D13: 계 | E13: =SUM(E7:E12) -> 326 | F13: =SUM(F7:F12) -> 1
A15: ■ 정책축별 권고 수 | D15: ■ 추진기한별 권고 수
A16: 정책축 | B16: 권고 수 | D16: 기한 | E16: 권고 수
A17: 1. AI 혁신생태계 조성 | B17: =COUNTIF('★최종안'!$A$2:$A$327,"1. AI 혁신생태계 조성*") -> 134 | D17: ’26.1 | E17: =COUNTIF('★최종안'!$H$2:$H$327,"26.1") -> 81
A18: 2. 범국가 AI 기반 대전환 | B18: =COUNTIF('★최종안'!$A$2:$A$327,"2. 범국가 AI 기반 대전환*") -> 114 | D18: ’26.2 | E18: =COUNTIF('★최종안'!$H$2:$H$327,"26.2") -> 85
A19: 3. 글로벌 AI 기본사회 기여 | B19: =COUNTIF('★최종안'!$A$2:$A$327,"3. 글로벌 AI 기본사회 기여*") -> 78 | D19: ’26.3 | E19: =COUNTIF('★최종안'!$H$2:$H$327,"26.3") -> 28
A20: 계 | B20: =SUM(B17:B19) -> 326 | D20: ’26.4 | E20: =COUNTIF('★최종안'!$H$2:$H$327,"26.4") -> 72
D21: ’27.1 | E21: =COUNTIF('★최종안'!$H$2:$H$327,"27.1") -> 11
A22: ■ 주요 부처별 권고 수 (주관 기준, 상위) | D22: ’27.2 | E22: =COUNTIF('★최종안'!$H$2:$H$327,"27.2") -> 6
A23: 부처 | B23: 권고 수 | D23: ’27.4 | E23: =COUNTIF('★최종안'!$H$2:$H$327,"27.4") -> 17
A24: 과기정통부 | B24: =COUNTIF('★최종안'!$I$2:$I$327,"*과기정통부*") -> 121 | D24: ’28.1 | E24: =COUNTIF('★최종안'!$H$2:$H$327,"28.1") -> 1
A25: 복지부 | B25: =COUNTIF('★최종안'!$I$2:$I$327,"*복지부*") -> 17 | D25: ’30.4 | E25: =COUNTIF('★최종안'!$H$2:$H$327,"30.4") -> 1
A26: 산업부 | B26: =COUNTIF('★최종안'!$I$2:$I$327,"*산업부*") -> 31 | D26: 기한없음 | E26: =COUNTIF('★최종안'!$H$2:$H$327,"기한없음") -> 24
A27: 국방부 | B27: =COUNTIF('★최종안'!$I$2:$I$327,"*국방부*") -> 23 | D27: 계 | E27: =SUM(E17:E26) -> 326
A28: 교육부 | B28: =COUNTIF('★최종안'!$I$2:$I$327,"*교육부*") -> 32
A29: 행안부 | B29: =COUNTIF('★최종안'!$I$2:$I$327,"*행안부*") -> 25
A30: 중기부 | B30: =COUNTIF('★최종안'!$I$2:$I$327,"*중기부*") -> 12
A31: 국토부 | B31: =COUNTIF('★최종안'!$I$2:$I$327,"*국토부*") -> 11
A32: 문체부 | B32: =COUNTIF('★최종안'!$I$2:$I$327,"*문체부*") -> 12
A33: 금융위 | B33: =COUNTIF('★최종안'!$I$2:$I$327,"*금융위*") -> 6
A35: ※ 위험도 분류: 기한초과(D<0) / 긴급(D≤34) / 주의(D≤120) / 관찰(D≤240) / 여유(그 외) — K-AI2026 대시보드와 동일 기준
A36: ※ 부처별 수치는 주관 열에 부처명이 포함된 권고 수(공동주관 시 중복 집계될 수 있음)

Sheet ★최종안
A1: 정책축 | B1: 전략분야 | C1: 과제 구분 | D1: 과제 번호 | E1: 과제명 | F1: 분과 구분(안) | G1: 최종안 | H1: 기한 | I1: 주관 | J1: 공동주관 | K1: 협조부처 | L1: 담당 팀 | M1: 기한일자 | N1: D-Day | O1: 위험도 | P1: 이행상태
A2: 1. AI 혁신생태계 조성 | B2: 전략분야 1) AI 고속도로 구축 | C2: 01 GPU, NPU 등 핵심 AI 컴퓨팅 인프라 확충 | D2: 1-1 | E2: 첨단 GPU 확충 및 운영 | F2: 기술혁신·인프라 분과 | G2: 과기정통부는 최소 5만장 이상의 대규모 첨단 GPU를 정부 주도로 ’28년 4분기까지 확충하며, 이를 활용한 정부 글로벌 프론티어 AI 과제 등 대규모 모델 학습 및 서비스를 위한 운영 계획을 ’26년 1분기 내 수립한다. | H2: 26.1 | I2: 과기정통부 | L2: AI인프라지원팀 | M2: =IF($H2="기한없음","",DATE(2000+VALUE(LEFT($H2,2)),VALUE(RIGHT($H2,1))*3+1,1)-1) -> 46112 | N2: =IF($M2="","",$M2-이행현황요약!$B$3) -> -94 | O2: =IF($H2="기한없음","기한없음",IF($N2<0,"기한초과",IF($N2<=34,"긴급",IF($N2<=120,"주의",IF($N2<=240,"관찰","여유"))))) -> 기한초과 | P2: 진행중
A3: 1. AI 혁신생태계 조성 | B3: 전략분야 1) AI 고속도로 구축 | C3: 01 GPU, NPU 등 핵심 AI 컴퓨팅 인프라 확충 | D3: 1-2 | E3: GPU 현황조사 및 배분 | F3: 기술혁신·인프라 분과 | G3: 과기정통부는 국내 GPU 자원에 대한 현황 조사를 ’26년 2분기 내 시행하며, 기보유분을 포함해 정부에서 확보한 GPU 배분 계획을 ’26년 4분기까지 수립한다. | H3: 26.2 | I3: 과기정통부 | L3: AI인프라지원팀 | M3: =IF($H3="기한없음","",DATE(2000+VALUE(LEFT($H3,2)),VALUE(RIGHT($H3,1))*3+1,1)-1) -> 46203 | N3: =IF($M3="","",$M3-이행현황요약!$B$3) -> -3 | O3: =IF($H3="기한없음","기한없음",IF($N3<0,"기한초과",IF($N3<=34,"긴급",IF($N3<=120,"주의",IF($N3<=240,"관찰","여유"))))) -> 기한초과 | P3: 진행중
A4: 1. AI 혁신생태계 조성 | B4: 전략분야 1) AI 고속도로 구축 | C4: 01 GPU, NPU 등 핵심 AI 컴퓨팅 인프라 확충 | D4: 1-3 | E4: 국산 AI반도체 도입 및 생태계 고도화 | F4: 기술혁신·인프라 분과 | G4: 과기정통부는 산업부와 협의하여 국산 AI 반도체 기술 경쟁력 강화 및 활성화를 위해 국산 AI 반도체 도입 방안을 ’26년 4분기까지 마련하고 해당 물량을 ’30년 4분기까지 단계적으로 확보한다. 과기정통부는 또한 국산 AI 반도체의 객관적 검증을 위한 평가 체계 수립, 인재 양성 및 차세대 AI 반도체 연구 거점 조성, 부처 간 정책 연계·협력 강화를 위해 산업부와 협의하여 AI 반도체 총괄 협의체를 ’26년 4분기까지 구성하고 국가 차원의 일관된 AI 반도체 생태계 고도화를 추진한다. | H4: 26.4 | I4: 과기정통부 | K4: 산업부 | L4: AI인프라지원팀 | M4: =IF($H4="기한없음","",DATE(2000+VALUE(LEFT($H4,2)),VALUE(RIGHT($H4,1))*3+1,1)-1) -> 46387 | N4: =IF($M4="","",$M4-이행현황요약!$B$3) -> 181 | O4: =IF($H4="기한없음","기한없음",IF($N4<0,"기한초과",IF($N4<=34,"긴급",IF($N4<=120,"주의",IF($N4<=240,"관찰","여유"))))) -> 관찰 | P4: 진행중
A5: 1. AI 혁신생태계 조성 | B5: 전략분야 1) AI 고속도로 구축 | C5: 02 지속가능한 AI 데이터센터 생태계 구축 | D5: 2-1 | E5: 대형 AI데이터센터 생태계 활성화 | F5: 기술혁신·인프라 분과 | G5: 과기정통부는 기후부, 국토부, 문체부, 해수부 등과 협력하여 급변하는 기술 및 수요 변화에 부응하고, 민간 중심 대형 AI 데이터센터 생태계를 활성화할 수 있도록 데이터센터 구축 종합 계획을 ’26년 2분기까지 수립한다. 또한 재정경제부와 협력하여 AI 데이터센터 민간투자 촉진을 위한 세제 혜택 방안 등을 ’26년 1분기까지 완료한다. | H5: 26.1 | I5: 과기정통부 | K5: 산업부 | L5: AI인프라지원팀 | M5: =IF($H5="기한없음","",DATE(2000+VALUE(LEFT($H5,2)),VALUE(RIGHT($H5,1))*3+1,1)-1) -> 46112 | N5: =IF($M5="","",$M5-이행현황요약!$B$3) -> -94 | O5: =IF($H5="기한없음","기한없음",IF($N5<0,"기한초과",IF($N5<=34,"긴급",IF($N5<=120,"주의",IF($N5<=240,"관찰","여유"))))) -> 기한초과 | P5: 진행중
A6: 1. AI 혁신생태계 조성 | B6: 전략분야 1) AI 고속도로 구축 | C6: 02 지속가능한 AI 데이터센터 생태계 구축 | D6: 2-2 | E6: 강소형 AI데이터센터 확산 | F6: 기술혁신·인프라 분과 | G6: 과기정통부는 행안부와 협조하여 공공 및 산업 AX 분야의 수요를 기반으로 한 강소형 AI 데이터센터 확산 방안을 ’26년 4분기 내 마련한다. | H6: 26.4 | I6: 과기정통부 | K6: 행안부 | L6: AI인프라지원팀 | M6: =IF($H6="기한없음","",DATE(2000+VALUE(LEFT($H6,2)),VALUE(RIGHT($H6,1))*3+1,1)-1) -> 46387 | N6: =IF($M6="","",$M6-이행현황요약!$B$3) -> 181 | O6: =IF($H6="기한없음","기한없음",IF($N6<0,"기한초과",IF($N6<=34,"긴급",IF($N6<=120,"주의",IF($N6<=240,"관찰","여유"))))) -> 관찰 | P6: 진행중
A7: 1. AI 혁신생태계 조성 | B7: 전략분야 1) AI 고속도로 구축 | C7: 02 지속가능한 AI 데이터센터 생태계 구축 | D7: 2-3 | E7: AI 데이터센터 전력·에너지 안정성 확보 | F7: 기술혁신·인프라 분과 | G7: 기후부는 전력 계통 안정성 확보를 최우선 목표로, 전력 계통 영향 평가 제도의 지역 간 차등 적용을 통해 비수도권 데이터센터 입지 유인을 강화하고, AI 데이터센터 전력 수요를 ｢전력수급기본계획｣에 합리적으로 반영한다. 또한 기후부는 과기정통부와 협력하여 해외기업의 비수도권 AI 데이터센터 등 투자 유치를 위한 전력·에너지 관련 인센티브 제공 방안 및 재생에너지 발전소-데이터센터 간 연계를 유도·활성화할 수 있는 지원방안을 ’26년 2분기까지 수립한다. | H7: 26.2 | I7: 기후부 | K7: 과기정통부 | L7: AI인프라지원팀 | M7: =IF($H7="기한없음","",DATE(2000+VALUE(LEFT($H7,2)),VALUE(RIGHT($H7,1))*3+1,1)-1) -> 46203 | N7: =IF($M7="","",$M7-이행현황요약!$B$3) -> -3 | O7: =IF($H7="기한없음","기한없음",IF($N7<0,"기한초과",IF($N7<=34,"긴급",IF($N7<=120,"주의",IF($N7<=240,"관찰","여유"))))) -> 기한초과 | P7: 진행중
A8: 1. AI 혁신생태계 조성 | B8: 전략분야 1) AI 고속도로 구축 | C8: 03 AI 서비스 기반 고도화를 통한 접근성 제고 | D8: 3-1 | E8: AI시대 네트워크 고도화 | F8: 기술혁신·인프라 분과 | G8: 과기정통부는 ’30년까지 피지컬AI와 에이전틱 AI서비스를 뒷받침하는 AI-RAN(Radio Access Network) 상용화, 위성통신망 연동, 초저지연·초대역폭 서비스 수요에 대응한 지능형 6G 용량 확충 및 트래픽 예측 기반의 운용방안 등을 포함하여 AI 시대에 대응한 네트워크 고도화를 할 수 있도록 관련 계획을 ’26년 1분기 내 수립한다. 또한 AI시대 트래픽 폭증과 초실감 AI서비스 등 국내외 수요 대응을 위한 백본망·데이터센터 네트워크 고도화와 함께, 해저케이블 인프라 확충 등을 ’30년까지 추진한다. | H8: 26.1 | I8: 과기정통부 | L8: AI인프라지원팀 | M8: =IF($H8="기한없음","",DATE(2000+VALUE(LEFT($H8,2)),VALUE(RIGHT($H8,1))*3+1,1)-1) -> 46112 | N8: =IF($M8="","",$M8-이행현황요약!$B$3) -> -94 | O8: =IF($H8="기한없음","기한없음",IF($N8<0,"기한초과",IF($N8<=34,"긴급",IF($N8<=120,"주의",IF($N8<=240,"관찰","여유"))))) -> 기한초과 | P8: 진행중
A9: 1. AI 혁신생태계 조성 | B9: 전략분야 1) AI 고속도로 구축 | C9: 03 AI 서비스 기반 고도화를 통한 접근성 제고 | D9: 3-2 | E9: 데이터센터 자원 등 접근성 제고 | F9: 기술혁신·인프라 분과 | G9: 과기정통부는 국가 주도 대형 AI 데이터센터 및 지역 AI 데이터센터 자원의 개방 및 접근성을 높이기 위한 클라우드 서비스 구축 지원 프로그램을 마련하여 ’26년부터 실시한다. 또한, 중기부는 제조 중소기업 대상 바우처 사업계획을 수립하여 ’26년에 시행하고, 복지부는 지역·필수의료 확충 지원을 위해 보건소 및 가칭‘AI 중심병원’대상 바우처 사업계획 및 시스템 개선계획을 수립하여 ’26년에 시행한다. | H9: 26.4 | I9: 과기정통부, 중기부, 복지부 | J9: O | L9: AI인프라지원팀 | M9: =IF($H9="기한없음","",DATE(2000+VALUE(LEFT($H9,2)),VALUE(RIGHT($H9,1))*3+1,1)-1) -> 46387 | N9: =IF($M9="","",$M9-이행현황요약!$B$3) -> 181 | O9: =IF($H9="기한없음","기한없음",IF($N9<0,"기한초과",IF($N9<=34,"긴급",IF($N9<=120,"주의",IF($N9<=240,"관찰","여유"))))) -> 관찰 | P9: 진행중
A10: 1. AI 혁신생태계 조성 | B10: 전략분야 1) AI 고속도로 구축 | C10: 04 국가데이터 통합플랫폼 기반 민간·공공 데이터 소재 연계 및 품질 고도화 | D10: 4-1 | E10: 국가데이터 통합플랫폼 구축 | F10: 데이터 분과 | G10: 과기정통부는 AI개발 활용에 필수인 모든 민간･공공데이터의 소재 정보가 한 곳에 연계될 수 있도록 하는 표준화된 ‘국가데이터 통합플랫폼’을 ’26년 4분기까지 구축･운영할 수 있도록, 관련 계획을 ’26년 1분기 내로 마련한다. 또한 과기정통부는 ‘국가데이터 통합플랫폼’에 연계할 하위 데이터 플랫폼을 지정하고 해당 부처가 표준화 연계를 의무화하기 위한 법령안을 ’26년 2분기 이내 발의하여 법제화를 추진하며, 관계부처는 이에 따른다. | H10: 26.1 | I10: 과기정통부 | L10: AI데이터규제혁신팀 | M10: =IF($H10="기한없음","",DATE(2000+VALUE(LEFT($H10,2)),VALUE(RIGHT($H10,1))*3+1,1)-1) -> 46112 | N10: =IF($M10="","",$M10-이행현황요약!$B$3) -> -94 | O10: =IF($H10="기한없음","기한없음",IF($N10<0,"기한초과",IF($N10<=34,"긴급",IF($N10<=120,"주의",IF($N10<=240,"관찰","여유"))))) -> 기한초과 | P10: 진행중
A11: 1. AI 혁신생태계 조성 | B11: 전략분야 1) AI 고속도로 구축 | C11: 04 국가데이터 통합플랫폼 기반 민간·공공 데이터 소재 연계 및 품질 고도화 | D11: 4-2 | E11: AI 학습데이터 등록·연계 제도화 | F11: 데이터 분과 | G11: 과기정통부는 정부 사업을 통해 만들어진 AI 학습데이터 및 산출데이터는 비민감, 비독점 범위내에서 AI hub에 등록·연계하고 해당 데이터의 소재정보는 국가데이터 통합플랫폼에 등록·연계되도록 의무화하기 위한 법률 제･개정안을 ’26년 2분기까지 발의하여 법제화를 추진하고, 기획예산처는 그 이전에라도 제도가 동작하도록 관련 예산안 편성지침 및 세부지침을 과기정통부와 협의하여 ’26년 4분기 내 제･개정하고 이를 ’27년도부터 모든 사업에 적용한다. | H11: 26.2 | I11: 과기정통부, 기획처 | J11: O | L11: AI데이터규제혁신팀 | M11: =IF($H11="기한없음","",DATE(2000+VALUE(LEFT($H11,2)),VALUE(RIGHT($H11,1))*3+1,1)-1) -> 46203 | N11: =IF($M11="","",$M11-이행현황요약!$B$3) -> -3 | O11: =IF($H11="기한없음","기한없음",IF($N11<0,"기한초과",IF($N11<=34,"긴급",IF($N11<=120,"주의",IF($N11<=240,"관찰","여유"))))) -> 기한초과 | P11: 진행중
A12: 1. AI 혁신생태계 조성 | B12: 전략분야 1) AI 고속도로 구축 | C12: 04 국가데이터 통합플랫폼 기반 민간·공공 데이터 소재 연계 및 품질 고도화 | D12: 4-3 | E12: 국가데이터 통합플랫폼 공공데이터 품질기준 상향 및 민간데이터 연계 | F12: 데이터 분과 | G12: 행안부는 ‘국가데이터 통합플랫폼’의 표준에 따라 최종적으로 연결되는 공공데이터들이 AI학습 및 AI서비스 개발에 원활히 활용될 수 있도록 상향된 데이터 품질 및 평가 기준을 ’26년 1분기까지 마련한다. 이 품질기준은 데이터의 적절한 현행화 절차를 반드시 포함해야 한다. 과기정통부는 민간 데이터 플랫폼의 국가데이터 통합플랫폼 연계와 민간 데이터 플랫폼 내 데이터의 AI학습 및 AI서비스 개발 최적화를 위한 인센티브 정책을 ’26년 1분기까지 수립한다. | H12: 26.1 | I12: 행안부, 과기정통부 | J12: O | L12: AI데이터규제혁신팀 | M12: =IF($H12="기한없음","",DATE(2000+VALUE(LEFT($H12,2)),VALUE(RIGHT($H12,1))*3+1,1)-1) -> 46112 | N12: =IF($M12="","",$M12-이행현황요약!$B$3) -> -94 | O12: =IF($H12="기한없음","기한없음",IF($N12<0,"기한초과",IF($N12<=34,"긴급",IF($N12<=120,"주의",IF($N12<=240,"관찰","여유"))))) -> 기한초과 | P12: 진행중
A13: 1. AI 혁신생태계 조성 | B13: 전략분야 1) AI 고속도로 구축 | C13: 05 AI 데이터 공유 생태계 활성화 | D13: 5-1 | E13: AI 학습데이터 공유 활성화 | F13: 데이터 분과 | G13: 과기정통부는 국세청 등 관계 부처와 협력하여 AI 학습·평가에 활용될 수 있는 데이터의 대외 공개 또는 기부 등을 통해 데이터 공유를 활성화할 수 있는 방안을 ’26년 2분기 이내로 마련한다. 동 방안에는 기업이나 개인 등 공유 주체에 대해 세액공제, 맞춤형 컨설팅, 정부 인프라 우선 이용, 정부 사업 가점 등의 혜택을 부여하는 것을 포함한다. 또한 신설된 제도의 정착과 데이터 공유에 대한 사회적 인식이 확산될 수 있도록 적극적인 인식 제고 활동을 ’26년부터 수행한다. | H13: 26.2 | I13: 과기정통부 | K13: 국세청 | L13: AI데이터규제혁신팀 | M13: =IF($H13="기한없음","",DATE(2000+VALUE(LEFT($H13,2)),VALUE(RIGHT($H13,1))*3+1,1)-1) -> 46203 | N13: =IF($M13="","",$M13-이행현황요약!$B$3) -> -3 | O13: =IF($H13="기한없음","기한없음",IF($N13<0,"기한초과",IF($N13<=34,"긴급",IF($N13<=120,"주의",IF($N13<=240,"관찰","여유"))))) -> 기한초과 | P13: 진행중
A14: 1. AI 혁신생태계 조성 | B14: 전략분야 1) AI 고속도로 구축 | C14: 05 AI 데이터 공유 생태계 활성화 | D14: 5-2 | E14: 데이터 가치평가·품질인증 제도 통합 및 활용도 제고 | F14: 데이터 분과 | G14: 과기정통부는 행안부 등 관계 부처와 협력하여 데이터 가치 평가와 품질 인증 제도가 범부처적으로 통합 및 활용되도록 하며, 관계 부처와 협력하여 ’26년 연내 단계적으로 산업 도메인별로 특화된 데이터 가치 평가 및 품질 인증 모델을 마련하고 기업의 활용을 제고하는 방안을 수립한다. | H14: 26.4 | I14: 과기정통부 | K14: 행안부 | L14: AI데이터규제혁신팀 | M14: =IF($H14="기한없음","",DATE(2000+VALUE(LEFT($H14,2)),VALUE(RIGHT($H14,1))*3+1,1)-1) -> 46387 | N14: =IF($M14="","",$M14-이행현황요약!$B$3) -> 181 | O14: =IF($H14="기한없음","기한없음",IF($N14<0,"기한초과",IF($N14<=34,"긴급",IF($N14<=120,"주의",IF($N14<=240,"관찰","여유"))))) -> 관찰 | P14: 진행중
A15: 1. AI 혁신생태계 조성 | B15: 전략분야 1) AI 고속도로 구축 | C15: 05 AI 데이터 공유 생태계 활성화 | D15: 5-3 | E15: 민간 데이터 공유 초기 지원 | F15: 데이터 분과 | G15: 과기정통부는 관계 부처와 협력하여 공유용 데이터 구축 비용 지원 등 민간 데이터 공유 활성화를 위한 초기 지원 사업을 기획하여 ’26년 3분기부터 시행한다. | H15: 26.3 | I15: 과기정통부 | L15: AI데이터규제혁신팀 | M15: =IF($H15="기한없음","",DATE(2000+VALUE(LEFT($H15,2)),VALUE(RIGHT($H15,1))*3+1,1)-1) -> 46295 | N15: =IF($M15="","",$M15-이행현황요약!$B$3) -> 89 | O15: =IF($H15="기한없음","기한없음",IF($N15<0,"기한초과",IF($N15<=34,"긴급",IF($N15<=120,"주의",IF($N15<=240,"관찰","여유"))))) -> 주의 | P15: 진행중
A16: 1. AI 혁신생태계 조성 | B16: 전략분야 1) AI 고속도로 구축 | C16: 06 보건의료 AI 고도화와 AX 전환에 필요한 학습데이터 확충 | D16: 6-1 | E16: 다기관 의료데이터 확보·활용 | F16: AI기본의료 소그룹 | G16: 복지부는 AI학습을 위한 다기관 의료데이터를 확보하고 공공데이터와 민간 의료데이터를 결합 활용할 방안(입법 계획을 포함하여)을 ’26년 2분기까지 마련한다. | H16: 26.2 | I16: 복지부 | L16: AI인재양성지원팀 | M16: =IF($H16="기한없음","",DATE(2000+VALUE(LEFT($H16,2)),VALUE(RIGHT($H16,1))*3+1,1)-1) -> 46203 | N16: =IF($M16="","",$M16-이행현황요약!$B$3) -> -3 | O16: =IF($H16="기한없음","기한없음",IF($N16<0,"기한초과",IF($N16<=34,"긴급",IF($N16<=120,"주의",IF($N16<=240,"관찰","여유"))))) -> 기한초과 | P16: 진행중
A17: 1. AI 혁신생태계 조성 | B17: 전략분야 1) AI 고속도로 구축 | C17: 06 보건의료 AI 고도화와 AX 전환에 필요한 학습데이터 확충 | D17: 6-2 | E17: 보건의료 빅데이터 플랫폼 활용 | F17: AI기본의료 소그룹 | G17: 복지부는 ‘독자 AI 파운데이션모델’ 및 보건의료 특화 파운데이션 모델 개발을 위해 보건의료 학습데이터를 이용할 수 있도록 보건의료 빅데이터 플랫폼의 활용 방안을 ’26년 1분기까지 마련한다. | H17: 26.1 | I17: 복지부 | L17: AI인재양성지원팀 | M17: =IF($H17="기한없음","",DATE(2000+VALUE(LEFT($H17,2)),VALUE(RIGHT($H17,1))*3+1,1)-1) -> 46112 | N17: =IF($M17="","",$M17-이행현황요약!$B$3) -> -94 | O17: =IF($H17="기한없음","기한없음",IF($N17<0,"기한초과",IF($N17<=34,"긴급",IF($N17<=120,"주의",IF($N17<=240,"관찰","여유"))))) -> 기한초과 | P17: 진행중
A18: 1. AI 혁신생태계 조성 | B18: 전략분야 1) AI 고속도로 구축 | C18: 06 보건의료 AI 고도화와 AX 전환에 필요한 학습데이터 확충 | D18: 6-3 | E18: 군 의료데이터 통합·활용 | F18: AI기본의료 소그룹 | G18: 국방부는 군 보유 의료데이터의 통합 및 활용 방안과 AI시범 사업에 대한 계획을 복지부와 협력하여 ’26년 2분기까지 마련한다. | H18: 26.2 | I18: 국방부 | K18: 복지부 | L18: AI인재양성지원팀 | M18: =IF($H18="기한없음","",DATE(2000+VALUE(LEFT($H18,2)),VALUE(RIGHT($H18,1))*3+1,1)-1) -> 46203 | N18: =IF($M18="","",$M18-이행현황요약!$B$3) -> -3 | O18: =IF($H18="기한없음","기한없음",IF($N18<0,"기한초과",IF($N18<=34,"긴급",IF($N18<=120,"주의",IF($N18<=240,"관찰","여유"))))) -> 기한초과 | P18: 진행중
A19: 1. AI 혁신생태계 조성 | B19: 전략분야 1) AI 고속도로 구축 | C19: 06 보건의료 AI 고도화와 AX 전환에 필요한 학습데이터 확충 | D19: 6-4 | E19: 보건의료 데이터플랫폼 연계 | F19: AI기본의료 소그룹 | G19: 과기정통부는 ‘국가데이터 통합플랫폼’을 통해 보건의료 학습데이터를 이용할 수 있도록 복지부의 보건의료 빅데이터 플랫폼과의 연계 및 협력 방안을 ’26년 1분기까지 마련한다. | H19: 26.1 | I19: 과기정통부 | K19: 복지부 | L19: AI인재양성지원팀 | M19: =IF($H19="기한없음","",DATE(2000+VALUE(LEFT($H19,2)),VALUE(RIGHT($H19,1))*3+1,1)-1) -> 46112 | N19: =IF($M19="","",$M19-이행현황요약!$B$3) -> -94 | O19: =IF($H19="기한없음","기한없음",IF($N19<0,"기한초과",IF($N19<=34,"긴급",IF($N19<=120,"주의",IF($N19<=240,"관찰","여유"))))) -> 기한초과 | P19: 진행중
A20: 1. AI 혁신생태계 조성 | B20: 전략분야 1) AI 고속도로 구축 | C20: 07 국가 과학 AI 통합 인프라 및 연구개발 혁신 생태계 구축 | D20: 7-1 | E20: K-문샷 추진전략 | F20: 과학 분과 | G20: 과기정통부는 AI를 활용한 과학혁신 가속화와 연구생산성의 획기적인 제고를 위해 ’26년 1분기까지 ‘K-문샷 추진 전략’을 수립한다. K-문샷 추진 전략은 ①연구데이터·GPU·AI모델·자율실험실 등 AI 핵심자원을 통합하는 국가과학AI통합플랫폼을 구축하고, ②전략 과학기술 분야와 핵심 난제를 선정하여 임무중심 R&D를 통해 해결하는 것을 목표로 한다. 전략 분야와 난제 해결 방식은 후술하는 행동계획 (14)번 “기초과학 및 전략 과학기술 분야 AI 혁신, AI 연구동료 개발”과 (29)번 “핵심 과학분야 AI파운데이션 모델 확보 및 공공·산업 확산”의 내용을 포함할 수 있다. | H20: 26.1 | I20: 과기정통부 | L20: AI인재양성지원팀 | M20: =IF($H20="기한없음","",DATE(2000+VALUE(LEFT($H20,2)),VALUE(RIGHT($H20,1))*3+1,1)-1) -> 46112 | N20: =IF($M20="","",$M20-이행현황요약!$B$3) -> -94 | O20: =IF($H20="기한없음","기한없음",IF($N20<0,"기한초과",IF($N20<=34,"긴급",IF($N20<=120,"주의",IF($N20<=240,"관찰","여유"))))) -> 기한초과 | P20: 진행중
A21: 1. AI 혁신생태계 조성 | B21: 전략분야 1) AI 고속도로 구축 | C21: 07 국가 과학 AI 통합 인프라 및 연구개발 혁신 생태계 구축 | D21: 7-2 | E21: 국가 연구데이터 수집·관리·활용 기반 구축 | F21: 과학 분과 | G21: 과기정통부는 국가연구개발사업을 통해 생산되는 연구데이터의 수집·관리·활용을 촉진하고, 이를 과학기술 AI 개발 및 고도화에 적극 활용할 수 있도록 제도적 기반을 마련한다. 이를 위해 연구 현장의 의견을 ’26년 1분기까지 폭넓게 수렴하고, 연구데이터의 정의·대상·책무를 명확히 규정하는 연구데이터법 제정이 원활히 추진될 수 있도록 지원한다. | H21: 26.1 | I21: 과기정통부 | L21: AI인재양성지원팀 | M21: =IF($H21="기한없음","",DATE(2000+VALUE(LEFT($H21,2)),VALUE(RIGHT($H21,1))*3+1,1)-1) -> 46112 | N21: =IF($M21="","",$M21-이행현황요약!$B$3) -> -94 | O21: =IF($H21="기한없음","기한없음",IF($N21<0,"기한초과",IF($N21<=34,"긴급",IF($N21<=120,"주의",IF($N21<=240,"관찰","여유"))))) -> 기한초과 | P21: 진행중
A22: 1. AI 혁신생태계 조성 | B22: 전략분야 1) AI 고속도로 구축 | C22: 07 국가 과학 AI 통합 인프라 및 연구개발 혁신 생태계 구축 | D22: 7-3 | E22: 국가 연구데이터 표준·품질 등 활용 체계 구축 | F22: 과학 분과 | G22: 과기정통부는 ’27년 4분기 이내에 국가 표준 메타데이터 체계와 데이터 품질 관리 기준을 단계적으로 수립하여 산·학·연이 국가 연구데이터를 효율적으로 활용할 수 있는 체계를 구축한다. 또한 연구데이터 기여도에 대한 인센티브 제도를 도입하고, 과제 기획 단계에서 수집 데이터의 범위와 내용을 함께 설계하도록 하여 연구데이터의 생산성과 활용성을 높인다. 아울러 연구데이터의 개방·공유·활용을 원칙으로 하되, 국가 경쟁력과 데이터 주권을 보장할 수 있는 보호 체계를 마련하고, 글로벌 연구데이터 협력 네트워크를 강화를 지원하여 연구자와 산업계가 해외 연구데이터에 접근·활용할 수 있는 기반을 조성한다. | H22: 27.4 | I22: 과기정통부 | L22: AI인재양성지원팀 | M22: =IF($H22="기한없음","",DATE(2000+VALUE(LEFT($H22,2)),VALUE(RIGHT($H22,1))*3+1,1)-1) -> 46752 | N22: =IF($M22="","",$M22-이행현황요약!$B$3) -> 546 | O22: =IF($H22="기한없음","기한없음",IF($N22<0,"기한초과",IF($N22<=34,"긴급",IF($N22<=120,"주의",IF($N22<=240,"관찰","여유"))))) -> 여유 | P22: 진행중
A23: 1. AI 혁신생태계 조성 | B23: 전략분야 1) AI 고속도로 구축 | C23: 07 국가 과학 AI 통합 인프라 및 연구개발 혁신 생태계 구축 | D23: 7-4 | E23: 과학기술 연구자 GPU 접근 지원 | F23: 과학 분과 | G23: 과기정통부는 과학기술 AI 연구 전용 GPU 확보 및 지원, 연구기관 간 GPU 공동 활용 체계 구축 등을 통해 과학기술 연구자들이 AI 융합 연구에 필요한 GPU 자원에 보다 원활하게 접근할 수 있도록 지원하는 정책을 ’26년 1분기까지 마련하고, 이후 단계적으로 추진한다. | H23: 26.1 | I23: 과기정통부 | L23: AI인재양성지원팀 | M23: =IF($H23="기한없음","",DATE(2000+VALUE(LEFT($H23,2)),VALUE(RIGHT($H23,1))*3+1,1)-1) -> 46112 | N23: =IF($M23="","",$M23-이행현황요약!$B$3) -> -94 | O23: =IF($H23="기한없음","기한없음",IF($N23<0,"기한초과",IF($N23<=34,"긴급",IF($N23<=120,"주의",IF($N23<=240,"관찰","여유"))))) -> 기한초과 | P23: 진행중
A24: 1. AI 혁신생태계 조성 | B24: 전략분야 1) AI 고속도로 구축 | C24: 07 국가 과학 AI 통합 인프라 및 연구개발 혁신 생태계 구축 | D24: 7-5 | E24: 국가과학AI연구소 설립 | F24: 과학 분과 | G24: 과기정통부는 공공 과학데이터와 공공 과학AI 모델을 중심으로 연구·산업·공공 확산의 산·학·연 생태계 허브 역할을 수행할 ‘(가칭)국가과학AI연구소’를 ’26년 1분기까지 설립한다. 이 연구소는 데이터 관리, 과학AI 플랫폼 운영, 프런티어 모델 개발을 담당하며, 국내외 기관과의 협력을 통해 국가 연구 성과가 산업 경쟁력 강화로 이어지도록 견인하는 중추적 역할을 수행한다. | H24: 26.1 | I24: 과기정통부 | L24: AI인재양성지원팀 | M24: =IF($H24="기한없음","",DATE(2000+VALUE(LEFT($H24,2)),VALUE(RIGHT($H24,1))*3+1,1)-1) -> 46112 | N24: =IF($M24="","",$M24-이행현황요약!$B$3) -> -94 | O24: =IF($H24="기한없음","기한없음",IF($N24<0,"기한초과",IF($N24<=34,"긴급",IF($N24<=120,"주의",IF($N24<=240,"관찰","여유"))))) -> 기한초과 | P24: 진행중
A25: 1. AI 혁신생태계 조성 | B25: 전략분야 1) AI 고속도로 구축 | C25: 08 국가 AI･데이터 거버넌스 정립 | D25: 8-1 | E25: 국가 AI·데이터 거버넌스 정립 | F25: 데이터 분과 | G25: 국가AI전략위는 민간･공공데이터의 관리와 활용 및 국가 차원의 인공지능 기술개발을 위한 인프라 구축, 인재 확보, 규제혁신의 실행 주체 및 의사결정 체계로서의 국가 CTO 체계 마련과 국가 CDO 체계 정비, 국가 CTO-CAIO-CDO 간의 역할 구분 및 유기적 협업 등이 포함된 종합계획을 ’26년 2분기 이내에 마련한다. | H25: 26.2 | I25: 국가AI전략위 | L25: AI데이터규제혁신팀 | M25: =IF($H25="기한없음","",DATE(2000+VALUE(LEFT($H25,2)),VALUE(RIGHT($H25,1))*3+1,1)-1) -> 46203 | N25: =IF($M25="","",$M25-이행현황요약!$B$3) -> -3 | O25: =IF($H25="기한없음","기한없음",IF($N25<0,"기한초과",IF($N25<=34,"긴급",IF($N25<=120,"주의",IF($N25<=240,"관찰","여유"))))) -> 기한초과 | P25: 진행중
A26: 1. AI 혁신생태계 조성 | B26: 전략분야 1) AI 고속도로 구축 | C26: 08 국가 AI･데이터 거버넌스 정립 | D26: 8-2 | E26: 국가 AI·데이터 거버넌스 제도화 | F26: 데이터 분과 | G26: 부총리인 과기정통부를 중심으로 행안부, 산업부, 국가데이터처를 포함한 관계 부처는 국가AI전략위가 마련한 종합계획에 따른 거버넌스 실행계획을 ’26년 3분기까지 마련하고 관련 법령 개정안을 정부안으로 마련하여 ’26년 4분기까지 국회에 제출한다. | H26: 26.3 | I26: 과기정통부 | K26: 국가AI전략위, 국가데이터처, 산업부, 행안부 | L26: AI데이터규제혁신팀 | M26: =IF($H26="기한없음","",DATE(2000+VALUE(LEFT($H26,2)),VALUE(RIGHT($H26,1))*3+1,1)-1) -> 46295 | N26: =IF($M26="","",$M26-이행현황요약!$B$3) -> 89 | O26: =IF($H26="기한없음","기한없음",IF($N26<0,"기한초과",IF($N26<=34,"긴급",IF($N26<=120,"주의",IF($N26<=240,"관찰","여유"))))) -> 주의 | P26: 진행중
A27: 1. AI 혁신생태계 조성 | B27: 전략분야 1) AI 고속도로 구축 | C27: 08 국가 AI･데이터 거버넌스 정립 | D27: 8-3 | E27: 국가 CTO 체계 운영 | F27: 데이터 분과 | G27: 법령 개정을 통한 거버넌스 종합 개편이 완료되기 이전까지 과기정통부는 과학기술부총리로서 관련 대통령령(예: 국가 CTO 설치 및 운영 규정)을 신설하여 국가 CTO 체계를 운영한다. | H27: 기한없음 | I27: 과기정통부 | L27: AI데이터규제혁신팀 | M27: =IF($H27="기한없음","",DATE(2000+VALUE(LEFT($H27,2)),VALUE(RIGHT($H27,1))*3+1,1)-1) | N27: =IF($M27="","",$M27-이행현황요약!$B$3) | O27: =IF($H27="기한없음","기한없음",IF($N27<0,"기한초과",IF($N27<=34,"긴급",IF($N27<=120,"주의",IF($N27<=240,"관찰","여유"))))) -> 기한없음 | P27: 진행중
A28: 1. AI 혁신생태계 조성 | B28: 전략분야 1) AI 고속도로 구축 | C28: 09 민간·공공 AI 보안 생태계 활성화 및 정보보호산업 자생력 확보 | D28: 9-1 | E28: 정보보호 인증체계와 연계한 기업 보안 취약점 파악·관리 강화 | F28: 보안 특위 | G28: 과기정통부는 개인정보위와 협력하여 ISMS 인증 및 ISMS-P 인증 체계안에 기업의 IT 자산에 대한 취약점 파악 및 관리가 가능하도록 하는‘공격 표면 관리 점검’ 방법을 ’26년 2분기까지 반영하도록 한다. | H28: 26.2 | I28: 과기정통부 | K28: 개인정보위 | L28: AI데이터규제혁신팀 | M28: =IF($H28="기한없음","",DATE(2000+VALUE(LEFT($H28,2)),VALUE(RIGHT($H28,1))*3+1,1)-1) -> 46203 | N28: =IF($M28="","",$M28-이행현황요약!$B$3) -> -3 | O28: =IF($H28="기한없음","기한없음",IF($N28<0,"기한초과",IF($N28<=34,"긴급",IF($N28<=120,"주의",IF($N28<=240,"관찰","여유"))))) -> 기한초과 | P28: 진행중
A29: 1. AI 혁신생태계 조성 | B29: 전략분야 1) AI 고속도로 구축 | C29: 09 민간·공공 AI 보안 생태계 활성화 및 정보보호산업 자생력 확보 | D29: 9-10 | E29: AI 보안 유망기업 집중 육성 | F29: 보안 특위 | G29: 과기정통부는 차세대 AI 기술(예: AI 에이전트, 물리형 AI 등)의 보안을 책임질 유망기업을 대상으로 R&D 자금지원, 시제품 개발·검증, 보안 인증 및 규제 대응 컨설팅, 시장·해외진출 지원 등을 포함한 집중 육성 프로그램을 운영한다. 또한, 금융·제조·의료 등 산업별로 특화된 보안기업을 선정하여, 기획-개발-시험-사업화-고도화에 이르는 전 주기 지원체계를 제공한다. 아울러, 이러한 기업의 시험·검증·실증을 뒷받침하기 위한 ‘통합 보안 지원센터’를 ’26년 4분기까지 구축한다. | H29: 26.4 | I29: 과기정통부 | L29: AI데이터규제혁신팀 | M29: =IF($H29="기한없음","",DATE(2000+VALUE(LEFT($H29,2)),VALUE(RIGHT($H29,1))*3+1,1)-1) -> 46387 | N29: =IF($M29="","",$M29-이행현황요약!$B$3) -> 181 | O29: =IF($H29="기한없음","기한없음",IF($N29<0,"기한초과",IF($N29<=34,"긴급",IF($N29<=120,"주의",IF($N29<=240,"관찰","여유"))))) -> 관찰 | P29: 진행중
A30: 1. AI 혁신생태계 조성 | B30: 전략분야 1) AI 고속도로 구축 | C30: 09 민간·공공 AI 보안 생태계 활성화 및 정보보호산업 자생력 확보 | D30: 9-2 | E30: 보안 취약점 신고·조치·공개 제도(CVD/VDP) 도입 로드맵 마련 | F30: 보안 특위 | G30: 국가AI전략위는 기존 사후 대응의 한계를 넘어 사전적이고 상시적인 정보통신망 보안 제도로의 패러다임 변화를 위해 美, EU가 이미 채택·운영 중인 취약점 신고·조치·공개 제도(CVD/VDP, Coordinated Vulnerability Disclosure/ Vulnerability Disclosure Policy)에 대한 국내 민간·공공 도입 로드맵을 ‘26년 1분기까지 마련한다. | H30: 26.1 | I30: 국가AI전략위 | L30: AI데이터규제혁신팀 | M30: =IF($H30="기한없음","",DATE(2000+VALUE(LEFT($H30,2)),VALUE(RIGHT($H30,1))*3+1,1)-1) -> 46112 | N30: =IF($M30="","",$M30-이행현황요약!$B$3) -> -94 | O30: =IF($H30="기한없음","기한없음",IF($N30<0,"기한초과",IF($N30<=34,"긴급",IF($N30<=120,"주의",IF($N30<=240,"관찰","여유"))))) -> 기한초과 | P30: 진행중
A31: 1. AI 혁신생태계 조성 | B31: 전략분야 1) AI 고속도로 구축 | C31: 09 민간·공공 AI 보안 생태계 활성화 및 정보보호산업 자생력 확보 | D31: 9-3 | E31: 화이트해커 활용 취약점 사전 발굴사업 시범 운영 | F31: 보안 특위 | G31: 과기정통부와 국정원은 화이트해커가 민간·공공분야 정보통신망 서비스 및 디지털 제품(소프트웨어, 하드웨어 등)의 보안 취약점을 사전에 발굴하는 활동을 합법적으로 수행할 수 있도록 해당 활동에 참여하는 피대상 기업·기관(공공기관 포함)을 지속 확대하는 한편, 참여 피대상 기업·기관을 대상으로 하는 시범사업을 ’26년 4분기까지 우선 진행한다. | H31: 26.4 | I31: 과기정통부, 국정원 | J31: O | L31: AI데이터규제혁신팀 | M31: =IF($H31="기한없음","",DATE(2000+VALUE(LEFT($H31,2)),VALUE(RIGHT($H31,1))*3+1,1)-1) -> 46387 | N31: =IF($M31="","",$M31-이행현황요약!$B$3) -> 181 | O31: =IF($H31="기한없음","기한없음",IF($N31<0,"기한초과",IF($N31<=34,"긴급",IF($N31<=120,"주의",IF($N31<=240,"관찰","여유"))))) -> 관찰 | P31: 진행중
A32: 1. AI 혁신생태계 조성 | B32: 전략분야 1) AI 고속도로 구축 | C32: 09 민간·공공 AI 보안 생태계 활성화 및 정보보호산업 자생력 확보 | D32: 9-4 | E32: CVD/VDP 가이드라인 마련 및 참여 촉진 | F32: 보안 특위 | G32: 과기정통부와 국정원은 국가AI전략위가 마련한 로드맵에 따라 유관기관과 협력하여 민간·공공분야 정보통신망 서비스 및 디지털 제품의 보안 취약점을 효과적으로 발굴, 신고, 조치, 공개하는 협력적 가이드라인과 화이트해커의 참여 촉진 방안을 ’26년 4분기까지 마련하고 CVD/VDP 관리 전문 기관을 지정한다. | H32: 26.4 | I32: 과기정통부, 국정원 | J32: O | K32: 국가AI전략위 | L32: AI데이터규제혁신팀 | M32: =IF($H32="기한없음","",DATE(2000+VALUE(LEFT($H32,2)),VALUE(RIGHT($H32,1))*3+1,1)-1) -> 46387 | N32: =IF($M32="","",$M32-이행현황요약!$B$3) -> 181 | O32: =IF($H32="기한없음","기한없음",IF($N32<0,"기한초과",IF($N32<=34,"긴급",IF($N32<=120,"주의",IF($N32<=240,"관찰","여유"))))) -> 관찰 | P32: 진행중
A33: 1. AI 혁신생태계 조성 | B33: 전략분야 1) AI 고속도로 구축 | C33: 09 민간·공공 AI 보안 생태계 활성화 및 정보보호산업 자생력 확보 | D33: 9-5 | E33: CVD/VDP 운영 기관 인센티브 부여 | F33: 보안 특위 | G33: 과기정통부, 국정원, 기획예산처, 조달청, 개인정보위는 디지털 제품 및 서비스에 대한 취약점 발굴·신고·공개 정책을 운영하는 민간기업·공공기관에 대해 보안인증 가점, 실태평가 연계, 제도운영 예산 확보 지원, 정부 사업 입찰 우대, 사고 발생시 과징금 경감 등 다양한 인센티브를 제공하는 방안을 ’26년 4분기까지 마련한다. | H33: 26.4 | I33: 과기정통부, 국정원 | J33: O | K33: 개인정보위, 기획처, 조달청 | L33: AI데이터규제혁신팀 | M33: =IF($H33="기한없음","",DATE(2000+VALUE(LEFT($H33,2)),VALUE(RIGHT($H33,1))*3+1,1)-1) -> 46387 | N33: =IF($M33="","",$M33-이행현황요약!$B$3) -> 181 | O33: =IF($H33="기한없음","기한없음",IF($N33<0,"기한초과",IF($N33<=34,"긴급",IF($N33<=120,"주의",IF($N33<=240,"관찰","여유"))))) -> 관찰 | P33: 진행중
A34: 1. AI 혁신생태계 조성 | B34: 전략분야 1) AI 고속도로 구축 | C34: 09 민간·공공 AI 보안 생태계 활성화 및 정보보호산업 자생력 확보 | D34: 9-6 | E34: CVD/VDP 민간·공공 제도화 | F34: 보안 특위 | G34: 과기정통부와 국정원은 ’26년 4분기까지 수행된 시범사업 등의 결과를 바탕으로 민간·공공에 걸친 CVD/VDP 제도화를 위한 관련 법·제도 개선을 ’27년 내 추진하며 법무부, 문체부, 개인정보위 등 관계부처는 이를 위한 소관 법률, 관계 하위법령 개정 등에 협조한다. | H34: 27.4 | I34: 과기정통부, 국정원 | J34: O | K34: 개인정보위, 문체부, 법무부 | L34: AI데이터규제혁신팀 | M34: =IF($H34="기한없음","",DATE(2000+VALUE(LEFT($H34,2)),VALUE(RIGHT($H34,1))*3+1,1)-1) -> 46752 | N34: =IF($M34="","",$M34-이행현황요약!$B$3) -> 546 | O34: =IF($H34="기한없음","기한없음",IF($N34<0,"기한초과",IF($N34<=34,"긴급",IF($N34<=120,"주의",IF($N34<=240,"관찰","여유"))))) -> 여유 | P34: 진행중
A35: 1. AI 혁신생태계 조성 | B35: 전략분야 1) AI 고속도로 구축 | C35: 09 민간·공공 AI 보안 생태계 활성화 및 정보보호산업 자생력 확보 | D35: 9-7 | E35: 중소기업 AI 보안 솔루션 자체 개발 및 국산 솔루션 활용 지원 | F35: 보안 특위 | G35: 과기정통부는 재정경제부와 협력해 중소기업의 국산 AI 보안 솔루션 도입 및 신규 보안 기술 R&D에 대한 세제지원을 통해 외산 의존도를 낮추고 국내 기업의 기술개발을 촉진하는 정책을 신속히 마련하고, ’27년 1분기까지 단계적으로 추진한다. | H35: 27.1 | I35: 과기정통부 | K35: 재경부 | L35: AI데이터규제혁신팀 | M35: =IF($H35="기한없음","",DATE(2000+VALUE(LEFT($H35,2)),VALUE(RIGHT($H35,1))*3+1,1)-1) -> 46477 | N35: =IF($M35="","",$M35-이행현황요약!$B$3) -> 271 | O35: =IF($H35="기한없음","기한없음",IF($N35<0,"기한초과",IF($N35<=34,"긴급",IF($N35<=120,"주의",IF($N35<=240,"관찰","여유"))))) -> 여유 | P35: 진행중
A36: 1. AI 혁신생태계 조성 | B36: 전략분야 1) AI 고속도로 구축 | C36: 09 민간·공공 AI 보안 생태계 활성화 및 정보보호산업 자생력 확보 | D36: 9-8 | E36: 사이버 보안 펀드 확대 및 지원 강화 | F36: 보안 특위 | G36: 과기정통부는 AI 보안 생태계 활성화를 위해 사이버 보안 펀드를 확대하고, 중기부와 협력해 중소·영세기업의 AI 보안 솔루션 도입을 지원해 ’26년 4분기까지 국가 전반의 보안 수준을 제고한다. | H36: 26.4 | I36: 과기정통부 | K36: 중기부 | L36: AI데이터규제혁신팀 | M36: =IF($H36="기한없음","",DATE(2000+VALUE(LEFT($H36,2)),VALUE(RIGHT($H36,1))*3+1,1)-1) -> 46387 | N36: =IF($M36="","",$M36-이행현황요약!$B$3) -> 181 | O36: =IF($H36="기한없음","기한없음",IF($N36<0,"기한초과",IF($N36<=34,"긴급",IF($N36<=120,"주의",IF($N36<=240,"관찰","여유"))))) -> 관찰 | P36: 진행중
A37: 1. AI 혁신생태계 조성 | B37: 전략분야 1) AI 고속도로 구축 | C37: 09 민간·공공 AI 보안 생태계 활성화 및 정보보호산업 자생력 확보 | D37: 9-9 | E37: 중소기업 AI 보안 역량 강화(긴급복구 지원 등) | F37: 보안 특위 | G37: 과기정통부는 기획예산처와 협력하여 ’26년 4분기까지 AI 시스템에 대한 공격(AI 모델 오염·데이터 유출·프롬프트 인젝션 등), AI를 이용한 공격(AI 특화 침해사고, AI 기반 악성코드·딥페이크 공격 등)으로 피해를 입은 중소기업에 대한 긴급 복구 지원을 제공하고, 동시에 AI 보안 전문인력·도구·가이드 제공 등 역량 확보 프로그램을 지원한다. 중소기업 대상 AI 보안 솔루션 구매, AI 취약점 점검 서비스, 클라우드 기반 AI 보안 서비스(AI-SECaaS) 구독료 지원 등의 사업을 추진하여 AI 보안 사각지대를 해소하고 국내 AI 보안 산업 생태계의 선순환 구조를 만든다. | H37: 26.4 | I37: 과기정통부 | K37: 기획처 | L37: AI데이터규제혁신팀 | M37: =IF($H37="기한없음","",DATE(2000+VALUE(LEFT($H37,2)),VALUE(RIGHT($H37,1))*3+1,1)-1) -> 46387 | N37: =IF($M37="","",$M37-이행현황요약!$B$3) -> 181 | O37: =IF($H37="기한없음","기한없음",IF($N37<0,"기한초과",IF($N37<=34,"긴급",IF($N37<=120,"주의",IF($N37<=240,"관찰","여유"))))) -> 관찰 | P37: 진행중
A38: 1. AI 혁신생태계 조성 | B38: 전략분야 1) AI 고속도로 구축 | C38: 10 AI 기반의 사이버 보안 체계 구축, AI 보안 기술 경쟁력 강화 및 보안 전문 인재 양성 | D38: 10-1 | E38: K-사이버 보안 LLM 구축 | F38: 보안 특위 | G38: 과기정통부는 글로벌 빅테크 기업의 범용 LLM에 대한 기술 종속을 탈피하고 국내 민감 위협 정보의 외부 유출을 방지하기 위해, 한국의 사이버 위협 환경에서 알려진 위협 및 알려지지 않은 신종·변종 위협의 분석이 가능한 ‘K-사이버 보안 LLM’을 구축한다. K-사이버 보안 LLM의 지속 학습과 ‘사후 대응’에서 ‘예측·예방’으로의 전환을 위해, 국정원 등 관계 부처와 협력하여 정부 및 공공기관에 AI 기반의 이상(anomaly) 탐지 체계를 구축하고 이를 통해 징후가 포착된 알려지지 않은 신종·변종 위협 데이터를 정제하여 K-사이버 보안 LLM의 학습데이터로 반영하고, 이를 기반으로 ‘탐지→분석→학습’ 과정을 반복하여 알려지지 않은 위협의 사전 징후 분석과 대응의 정확도 및 신뢰도가 향상되는 체계를 구축하고 적용하는 방안을 ’26년 2분기까지 수립하고 ’26년부터 추진한다. | H38: 26.2 | I38: 과기정통부 | K38: 국정원 | L38: AI데이터규제혁신팀 | M38: =IF($H38="기한없음","",DATE(2000+VALUE(LEFT($H38,2)),VALUE(RIGHT($H38,1))*3+1,1)-1) -> 46203 | N38: =IF($M38="","",$M38-이행현황요약!$B$3) -> -3 | O38: =IF($H38="기한없음","기한없음",IF($N38<0,"기한초과",IF($N38<=34,"긴급",IF($N38<=120,"주의",IF($N38<=240,"관찰","여유"))))) -> 기한초과 | P38: 진행중
A39: 1. AI 혁신생태계 조성 | B39: 전략분야 1) AI 고속도로 구축 | C39: 10 AI 기반의 사이버 보안 체계 구축, AI 보안 기술 경쟁력 강화 및 보안 전문 인재 양성 | D39: 10-2 | E39: 민간주도 AI 정보공유 분석센터 설립 | F39: 보안 특위 | G39: 과기정통부는 AI 보안 위협 대응을 위한 민간 주도 AI 정보 공유 분석센터(AI-ISAC)를 ’26년 4분기까지 설립하고, 향후 개발 및 적용 예정인 독자적인 AI 모델을 상시 점검하는 체계를 ’26년 4분기까지 구축한다. | H39: 26.4 | I39: 과기정통부 | L39: AI데이터규제혁신팀 | M39: =IF($H39="기한없음","",DATE(2000+VALUE(LEFT($H39,2)),VALUE(RIGHT($H39,1))*3+1,1)-1) -> 46387 | N39: =IF($M39="","",$M39-이행현황요약!$B$3) -> 181 | O39: =IF($H39="기한없음","기한없음",IF($N39<0,"기한초과",IF($N39<=34,"긴급",IF($N39<=120,"주의",IF($N39<=240,"관찰","여유"))))) -> 관찰 | P39: 진행중
A40: 1. AI 혁신생태계 조성 | B40: 전략분야 1) AI 고속도로 구축 | C40: 10 AI 기반의 사이버 보안 체계 구축, AI 보안 기술 경쟁력 강화 및 보안 전문 인재 양성 | D40: 10-3 | E40: 차세대 AI 보안 R&D 투자 확대 | F40: 보안 특위 | G40: 과기정통부는 AI 모델·시스템의 보안 내재화, AI 기반 공격 탐지 및 방어, 양자 내성 암호 전환 등 차세대 보안 기술 주도권을 확보하기 위해 AI, 양자 등 차세대 보안 기술 개발 투자를 전체 R&D 예산의 3% 수준으로 ’30년까지 대폭 확대한다. | H40: 30.4 | I40: 과기정통부 | L40: AI데이터규제혁신팀 | M40: =IF($H40="기한없음","",DATE(2000+VALUE(LEFT($H40,2)),VALUE(RIGHT($H40,1))*3+1,1)-1) -> 47848 | N40: =IF($M40="","",$M40-이행현황요약!$B$3) -> 1642 | O40: =IF($H40="기한없음","기한없음",IF($N40<0,"기한초과",IF($N40<=34,"긴급",IF($N40<=120,"주의",IF($N40<=240,"관찰","여유"))))) -> 여유 | P40: 진행중
A41: 1. AI 혁신생태계 조성 | B41: 전략분야 1) AI 고속도로 구축 | C41: 10 AI 기반의 사이버 보안 체계 구축, AI 보안 기술 경쟁력 강화 및 보안 전문 인재 양성 | D41: 10-4 | E41: AI 에이전트 및 피지컬 AI 보안 체계적 대응 | F41: 보안 특위 | G41: 과기정통부와 개인정보위는 향후 AI 에이전트·피지컬AI의 도입·확산에 대비해 AI 에이전트·피지컬AI를 이용한 자동화 업무로 인해 발생할 수 있는 오작동·권한 오남용·정책 우회, 개인정보 유출 등의 위험을 체계적으로 차단하기 위한 기술적·관리적 대응 방안을 ’26년 4분기까지 수립한다. | H41: 26.4 | I41: 과기정통부, 개인정보위 | J41: O | L41: AI데이터규제혁신팀 | M41: =IF($H41="기한없음","",DATE(2000+VALUE(LEFT($H41,2)),VALUE(RIGHT($H41,1))*3+1,1)-1) -> 46387 | N41: =IF($M41="","",$M41-이행현황요약!$B$3) -> 181 | O41: =IF($H41="기한없음","기한없음",IF($N41<0,"기한초과",IF($N41<=34,"긴급",IF($N41<=120,"주의",IF($N41<=240,"관찰","여유"))))) -> 관찰 | P41: 진행중
A42: 1. AI 혁신생태계 조성 | B42: 전략분야 1) AI 고속도로 구축 | C42: 10 AI 기반의 사이버 보안 체계 구축, AI 보안 기술 경쟁력 강화 및 보안 전문 인재 양성 | D42: 10-5 | E42: 고영향 AI 개인정보 안전성 확보 | F42: 보안 특위 | G42: 개인정보위는 개인정보를 학습하는 고영향 AI의 내·외부 취약점 점검 등 개인정보 유출을 방지하기 위한 안전성 확보 방안을 ’27년 4분기까지 마련한다. | H42: 27.4 | I42: 개인정보위 | L42: AI데이터규제혁신팀 | M42: =IF($H42="기한없음","",DATE(2000+VALUE(LEFT($H42,2)),VALUE(RIGHT($H42,1))*3+1,1)-1) -> 46752 | N42: =IF($M42="","",$M42-이행현황요약!$B$3) -> 546 | O42: =IF($H42="기한없음","기한없음",IF($N42<0,"기한초과",IF($N42<=34,"긴급",IF($N42<=120,"주의",IF($N42<=240,"관찰","여유"))))) -> 여유 | P42: 진행중
A43: 1. AI 혁신생태계 조성 | B43: 전략분야 1) AI 고속도로 구축 | C43: 10 AI 기반의 사이버 보안 체계 구축, AI 보안 기술 경쟁력 강화 및 보안 전문 인재 양성 | D43: 10-6 | E43: AI 보안 인재 양성 | F43: 보안 특위 | G43: 과기정통부는 AI 보안 인력에 대한 수요 조사를 추진하고, 이를 근거로 실전형 훈련에 기반한 AI 보안 인재 양성 방안 목표를 ’26년 4분기까지 수립한다. | H43: 26.4 | I43: 과기정통부 | L43: AI데이터규제혁신팀 | M43: =IF($H43="기한없음","",DATE(2000+VALUE(LEFT($H43,2)),VALUE(RIGHT($H43,1))*3+1,1)-1) -> 46387 | N43: =IF($M43="","",$M43-이행현황요약!$B$3) -> 181 | O43: =IF($H43="기한없음","기한없음",IF($N43<0,"기한초과",IF($N43<=34,"긴급",IF($N43<=120,"주의",IF($N43<=240,"관찰","여유"))))) -> 관찰 | P43: 진행중
A44: 1. AI 혁신생태계 조성 | B44: 전략분야 1) AI 고속도로 구축 | C44: 10 AI 기반의 사이버 보안 체계 구축, AI 보안 기술 경쟁력 강화 및 보안 전문 인재 양성 | D44: 10-7 | E44: AI 보안 인력 관리 플랫폼 구축 | F44: 보안 특위 | G44: 과기정통부는 교육부, 노동부, 개인정보위 등 관계 부처와 협력하여 정부 지원으로 양성된 AI 보안 인재의 정보 통합 관리 및 기업의 채용 수요와 연계하는 ‘AI 보안 인력 관리 플랫폼’ 구축을 ’27년 4분기까지 추진한다. | H44: 27.4 | I44: 과기정통부 | K44: 개인정보위, 교육부, 노동부 | L44: AI데이터규제혁신팀 | M44: =IF($H44="기한없음","",DATE(2000+VALUE(LEFT($H44,2)),VALUE(RIGHT($H44,1))*3+1,1)-1) -> 46752 | N44: =IF($M44="","",$M44-이행현황요약!$B$3) -> 546 | O44: =IF($H44="기한없음","기한없음",IF($N44<0,"기한초과",IF($N44<=34,"긴급",IF($N44<=120,"주의",IF($N44<=240,"관찰","여유"))))) -> 여유 | P44: 진행중
A45: 1. AI 혁신생태계 조성 | B45: 전략분야 1) AI 고속도로 구축 | C45: 11 AI 시대, 넥스트 AI 안보 위협 대응 및 협력 강화 | D45: 11-1 | E45: 국정원 AI 안보 활동 수행 | F45: 보안 특위 | G45: 국정원의 AI 안보 활동은 국가안보를 중심으로 관계 법령에 따라 수행한다. 민간 부문과 관련된 AI 보안 사안에 대해서는 관계 부처의 요청에 따른 협력·지원 원칙을 적용한다. 공공 부문에 도입·연계된 AI 시스템에 대해서는 국가안보에 영향을 미치는 사안에 한해, 관계 부처와의 협력 체계 하에서 수행한다. 국정원의 AI 안보 활동 및 관련 예산은 국회 보고 등 법정 절차에 따른다. | H45: 기한없음 | I45: 국정원 | L45: AI데이터규제혁신팀 | M45: =IF($H45="기한없음","",DATE(2000+VALUE(LEFT($H45,2)),VALUE(RIGHT($H45,1))*3+1,1)-1) | N45: =IF($M45="","",$M45-이행현황요약!$B$3) | O45: =IF($H45="기한없음","기한없음",IF($N45<0,"기한초과",IF($N45<=34,"긴급",IF($N45<=120,"주의",IF($N45<=240,"관찰","여유"))))) -> 기한없음 | P45: 진행중
A46: 1. AI 혁신생태계 조성 | B46: 전략분야 1) AI 고속도로 구축 | C46: 11 AI 시대, 넥스트 AI 안보 위협 대응 및 협력 강화 | D46: 11-2 | E46: 사이버 AI 안보 플랫폼 구축 | F46: 보안 특위 | G46: 국정원은 AI를 활용한 사이버 위협(딥페이크, 악성코드 생성 등)에 대해 기술적으로 선제적 탐지·차단하는 독자적인 ‘사이버 AI 안보 플랫폼’ 구축을 위한 정보화 전략 계획을 ’26년 4분기까지 수립하고, ‘딥페이크 등 허위 정보 판별 기술’ 고도화 계획을 ’26년 2분기까지 마련한다. | H46: 26.2 | I46: 국정원 | L46: AI데이터규제혁신팀 | M46: =IF($H46="기한없음","",DATE(2000+VALUE(LEFT($H46,2)),VALUE(RIGHT($H46,1))*3+1,1)-1) -> 46203 | N46: =IF($M46="","",$M46-이행현황요약!$B$3) -> -3 | O46: =IF($H46="기한없음","기한없음",IF($N46<0,"기한초과",IF($N46<=34,"긴급",IF($N46<=120,"주의",IF($N46<=240,"관찰","여유"))))) -> 기한초과 | P46: 진행중
A47: 1. AI 혁신생태계 조성 | B47: 전략분야 1) AI 고속도로 구축 | C47: 11 AI 시대, 넥스트 AI 안보 위협 대응 및 협력 강화 | D47: 11-3 | E47: 공공 분야 대상 AI 안전성·프라이버시 레드티밍 및 상시 모의해킹 체계 구축 | F47: 보안 특위 | G47: 국정원은 공공분야 대상으로, 과기정통부, 개인정보위 등과 협력하여, 민간 AI 보안 전문기업과 화이트해커가 참여하는 AI 안전성·프라이버시 레드티밍 체계 및 상시 모의해킹 테스트베드를 ’27년 2분기까지 구축한다. | H47: 27.2 | I47: 국정원 | K47: 개인정보위, 과기정통부 | L47: AI데이터규제혁신팀 | M47: =IF($H47="기한없음","",DATE(2000+VALUE(LEFT($H47,2)),VALUE(RIGHT($H47,1))*3+1,1)-1) -> 46568 | N47: =IF($M47="","",$M47-이행현황요약!$B$3) -> 362 | O47: =IF($H47="기한없음","기한없음",IF($N47<0,"기한초과",IF($N47<=34,"긴급",IF($N47<=120,"주의",IF($N47<=240,"관찰","여유"))))) -> 여유 | P47: 진행중
A48: 1. AI 혁신생태계 조성 | B48: 전략분야 1) AI 고속도로 구축 | C48: 11 AI 시대, 넥스트 AI 안보 위협 대응 및 협력 강화 | D48: 11-4 | E48: 글로벌 AI 안보 연대 강화 | F48: 보안 특위 | G48: 국정원은 외교부와 협력하여 AI에 대한 그리고 AI로 발생하는 각종 안보 위협에 대응하기 위해 주요국 정보기관과 글로벌 AI 안보 연대를 강화하여 AI 위협 관련 정보·기술 공유를 지속 추진하는 한편, AI 안보 현안에 대한 주요국 정보기관과의 공동 대응 전략 수립 등 합동 사업을 지속 구체화한다. | H48: 기한없음 | I48: 국정원 | K48: 외교부 | L48: AI데이터규제혁신팀 | M48: =IF($H48="기한없음","",DATE(2000+VALUE(LEFT($H48,2)),VALUE(RIGHT($H48,1))*3+1,1)-1) | N48: =IF($M48="","",$M48-이행현황요약!$B$3) | O48: =IF($H48="기한없음","기한없음",IF($N48<0,"기한초과",IF($N48<=34,"긴급",IF($N48<=120,"주의",IF($N48<=240,"관찰","여유"))))) -> 기한없음 | P48: 진행중
A49: 1. AI 혁신생태계 조성 | B49: 전략분야 1) AI 고속도로 구축 | C49: 11 AI 시대, 넥스트 AI 안보 위협 대응 및 협력 강화 | D49: 11-5 | E49: CBRN 위협 대비 기술개발·국제협력 강화 | F49: 보안 특위 | G49: 국정원은 복지부, 질병청, 과기정통부, 원안위, 국방부, 외교부 등과 협력하여 AI가 초래할 수 있는 국가 안보 위협인 CBRN(화학, 생물학, 방사능, 핵)에도 대비하기 위해, 관련 기술개발과 국제협력 강화를 추진한다. | H49: 기한없음 | I49: 국정원 | K49: 과기정통부, 국방부, 외교부, 질병청 | L49: AI데이터규제혁신팀 | M49: =IF($H49="기한없음","",DATE(2000+VALUE(LEFT($H49,2)),VALUE(RIGHT($H49,1))*3+1,1)-1) | N49: =IF($M49="","",$M49-이행현황요약!$B$3) | O49: =IF($H49="기한없음","기한없음",IF($N49<0,"기한초과",IF($N49<=34,"긴급",IF($N49<=120,"주의",IF($N49<=240,"관찰","여유"))))) -> 기한없음 | P49: 진행중
A50: 1. AI 혁신생태계 조성 | B50: 전략분야 1) AI 고속도로 구축 | C50: 11 AI 시대, 넥스트 AI 안보 위협 대응 및 협력 강화 | D50: 11-6 | E50: AI 기술유출 범정부 대응 강화 | F50: 보안 특위 | G50: 지식재산처는 AI 관련 첨단기술이 해외로 유출되는 것을 방지하기 위해, 특허 빅데이터 등을 활용하여 기술 유출 위험 영역 및 위험 경보를 분석하고, 분석 결과의 관계기관 공유를 통한 범정부 차원의 기술 유출 대응 강화를 지속적으로 추진하는 한편, AI 기반 기술 유출 위험 경보 체계 구축을 위한 방법론을 ’26년까지 고도화한다. | H50: 26.4 | I50: 지재처 | L50: AI데이터규제혁신팀 | M50: =IF($H50="기한없음","",DATE(2000+VALUE(LEFT($H50,2)),VALUE(RIGHT($H50,1))*3+1,1)-1) -> 46387 | N50: =IF($M50="","",$M50-이행현황요약!$B$3) -> 181 | O50: =IF($H50="기한없음","기한없음",IF($N50<0,"기한초과",IF($N50<=34,"긴급",IF($N50<=120,"주의",IF($N50<=240,"관찰","여유"))))) -> 관찰 | P50: 진행중
A51: 1. AI 혁신생태계 조성 | B51: 전략분야 10) AI기반 국방 강국 | C51: 74 국방 AI 거버넌스 혁신으로 국방 AI 추진체계 재설계 | D51: 74-1 | E51: 국방 AI 거버넌스 혁신 | F51: 국방·안보 분과 | G51: 국방부는 ‘26년 2분기까지 국방분야 AX 추진을 위한 국방부 내 전담 조직(국방 CAIO) 및 관리체계(국방 AI 위원회, 국방 AI 자문위원회)를 수립하고, 국방부를 중심으로 방위사업청, 합참, 각군 및 기관과 협력하여 국방 AI 거버넌스 혁신 로드맵을 제시한다. 이 로드맵은 배경에서 서술한 문제점들에 대한 올바른 해결방안을 포함해야 한다. | H51: 26.2 | I51: 국방부 | L51: 공공AI혁신팀 | M51: =IF($H51="기한없음","",DATE(2000+VALUE(LEFT($H51,2)),VALUE(RIGHT($H51,1))*3+1,1)-1) -> 46203 | N51: =IF($M51="","",$M51-이행현황요약!$B$3) -> -3 | O51: =IF($H51="기한없음","기한없음",IF($N51<0,"기한초과",IF($N51<=34,"긴급",IF($N51<=120,"주의",IF($N51<=240,"관찰","여유"))))) -> 기한초과 | P51: 진행중
A52: 1. AI 혁신생태계 조성 | B52: 전략분야 10) AI기반 국방 강국 | C52: 74 국방 AI 거버넌스 혁신으로 국방 AI 추진체계 재설계 | D52: 74-2 | E52: 국방인공지능법 제정 및 단기 조치 실행 | F52: 국방·안보 분과 | G52: 국방부는 국방분야 AX 추진 근거와 전담 조직 운영 및 관리체계 정립을 위하여 국방 AI의 특성을 고려한 ｢(가칭) 국방인공지능법｣ 제정안을 ‘26년 2분기까지 발의하여 이와 연계하여 국방 AI를 추진한다. 이를 기반으로 국방 AI 연구 및 운용 조직의 역할과 책임 재조정, 국방 데이터 수집·공유·검증 절차의 표준화, 국방 AI 모델의 평가·인증 프로세스 신설, 민군 공동 실험 및 신속 배치 프로그램 착수 등의 단기 실천 조치들을 ‘26년 내에 즉시 실행한다. | H52: 26.2 | I52: 국방부 | L52: 공공AI혁신팀 | M52: =IF($H52="기한없음","",DATE(2000+VALUE(LEFT($H52,2)),VALUE(RIGHT($H52,1))*3+1,1)-1) -> 46203 | N52: =IF($M52="","",$M52-이행현황요약!$B$3) -> -3 | O52: =IF($H52="기한없음","기한없음",IF($N52<0,"기한초과",IF($N52<=34,"긴급",IF($N52<=120,"주의",IF($N52<=240,"관찰","여유"))))) -> 기한초과 | P52: 진행중
A53: 1. AI 혁신생태계 조성 | B53: 전략분야 10) AI기반 국방 강국 | C53: 74 국방 AI 거버넌스 혁신으로 국방 AI 추진체계 재설계 | D53: 74-3 | E53: 국방 AI 추진체계 통합 및 재설계를 통한 연차별 국방 AI 개혁 | F53: 국방·안보 분과 | G53: 국방부는 국방 AI 거버넌스 혁신을 통해 AI의 전군 활용을 촉진한다. 현재 국방 AI 관련 분절적·비일관적 추진체계를 극복하고 통합적·기민한 국방 AI 추진체계의 재설계를 통해 국방 AI관련 정책, 연구개발, 인프라, 인력, 제도 등의 개혁을 ‘30년까지 연차별로 추진한다. | H53: 26.4 | I53: 국방부 | L53: 공공AI혁신팀 | M53: =IF($H53="기한없음","",DATE(2000+VALUE(LEFT($H53,2)),VALUE(RIGHT($H53,1))*3+1,1)-1) -> 46387 | N53: =IF($M53="","",$M53-이행현황요약!$B$3) -> 181 | O53: =IF($H53="기한없음","기한없음",IF($N53<0,"기한초과",IF($N53<=34,"긴급",IF($N53<=120,"주의",IF($N53<=240,"관찰","여유"))))) -> 관찰 | P53: 진행중
A54: 1. AI 혁신생태계 조성 | B54: 전략분야 10) AI기반 국방 강국 | C54: 75 국방 AI 기술 및 체계 획득 제도 개편 | D54: 75-1 | E54: AI 기술 특성을 반영한 국방 AI 획득체계 마련 | F54: 국방·안보 분과 | G54: 국방부(방사청)는 ‘26년 2분기까지 AI 기술의 빠른 변화 주기, 데이터 학습을 통한 지속적인 기능 향상 등 기술의 특성을 반영한 국방 AI 획득체계를 마련하여, 무기체계, 전력지원체계(정보체계 포함)로 이원화되어 있는 국방 AI 기술개발 및 체계 적용(획득, 전력화, 운영·유지 등) 구조를 하나로 통합하는 계획을 제시한다. | H54: 26.2 | I54: 국방부 | L54: 공공AI혁신팀 | M54: =IF($H54="기한없음","",DATE(2000+VALUE(LEFT($H54,2)),VALUE(RIGHT($H54,1))*3+1,1)-1) -> 46203 | N54: =IF($M54="","",$M54-이행현황요약!$B$3) -> -3 | O54: =IF($H54="기한없음","기한없음",IF($N54<0,"기한초과",IF($N54<=34,"긴급",IF($N54<=120,"주의",IF($N54<=240,"관찰","여유"))))) -> 기한초과 | P54: 진행중
A55: 1. AI 혁신생태계 조성 | B55: 전략분야 10) AI기반 국방 강국 | C55: 75 국방 AI 기술 및 체계 획득 제도 개편 | D55: 75-2 | E55: 국방 AI 체계의 반복적·지속적 개선·배포 | F55: 국방·안보 분과 | G55: 국방부(방사청)는 ‘26년 3분기부터 실전 환경 기반의 신속 실증, 모듈형 인증, 지속적 갱신(업데이트) 체계를 도입하여 국방 AI 체계를 반복적이고 지속적으로 개선, 배포한다. | H55: 26.3 | I55: 국방부 | L55: 공공AI혁신팀 | M55: =IF($H55="기한없음","",DATE(2000+VALUE(LEFT($H55,2)),VALUE(RIGHT($H55,1))*3+1,1)-1) -> 46295 | N55: =IF($M55="","",$M55-이행현황요약!$B$3) -> 89 | O55: =IF($H55="기한없음","기한없음",IF($N55<0,"기한초과",IF($N55<=34,"긴급",IF($N55<=120,"주의",IF($N55<=240,"관찰","여유"))))) -> 주의 | P55: 진행중
A56: 1. AI 혁신생태계 조성 | B56: 전략분야 10) AI기반 국방 강국 | C56: 75 국방 AI 기술 및 체계 획득 제도 개편 | D56: 75-3 | E56: 국방 AI 체계의 개발 지연 및 운용 격차 해소 | F56: 국방·안보 분과 | G56: 국방부(방사청)는 ‘26년 2분기 AI 획득제도 개편을 통해 ‘26년 3분기 부터 국방 AI체계의 개발 지연과 운용 격차를 해소하는 방식 도입을 가속화하여 ‘30년까지 AI 기능 업데이트 리드타임(전력화 주기)을 최소 반기 단위(전력지원체계는 분기 단위)로 단축한다. | H56: 26.3 | I56: 국방부 | L56: 공공AI혁신팀 | M56: =IF($H56="기한없음","",DATE(2000+VALUE(LEFT($H56,2)),VALUE(RIGHT($H56,1))*3+1,1)-1) -> 46295 | N56: =IF($M56="","",$M56-이행현황요약!$B$3) -> 89 | O56: =IF($H56="기한없음","기한없음",IF($N56<0,"기한초과",IF($N56<=34,"긴급",IF($N56<=120,"주의",IF($N56<=240,"관찰","여유"))))) -> 주의 | P56: 진행중
A57: 1. AI 혁신생태계 조성 | B57: 전략분야 10) AI기반 국방 강국 | C57: 76 국방 데이터 및 클라우드 기반 민군 협력 촉진·활성화 | D57: 76-1 | E57: 국방 데이터 이니셔티브 수립 및 국방클라우드 보안제도 마련 | F57: 국방·안보 분과 | G57: 국방부는 ‘26년 2분기까지 국방데이터의 보안등급에 따라 국방데이터를수집·분류하는 기준이 포함된 계획(가칭‘국방 데이터 이니셔티브’)을 수립하고 이를 기초로 '26년 4분기까지 국방 클라우드 보안 제도를 마련한다. 또한, 국방 클라우드 보안 제도는 정부차원의 클라우드 보안 인증 제도(CSAP)와 연계하고 국방차원의 보안 인증 제도를 결합하여 강화한다. | H57: 26.2 | I57: 국방부 | L57: 공공AI혁신팀 | M57: =IF($H57="기한없음","",DATE(2000+VALUE(LEFT($H57,2)),VALUE(RIGHT($H57,1))*3+1,1)-1) -> 46203 | N57: =IF($M57="","",$M57-이행현황요약!$B$3) -> -3 | O57: =IF($H57="기한없음","기한없음",IF($N57<0,"기한초과",IF($N57<=34,"긴급",IF($N57<=120,"주의",IF($N57<=240,"관찰","여유"))))) -> 기한초과 | P57: 진행중
A58: 1. AI 혁신생태계 조성 | B58: 전략분야 10) AI기반 국방 강국 | C58: 76 국방 데이터 및 클라우드 기반 민군 협력 촉진·활성화 | D58: 76-2 | E58: 국방 클라우드 R&D 존 구축 | F58: 국방·안보 분과 | G58: 국방부는 국방 클라우드 보안 체계를 기반으로 방산업체, AI 스타트업이 공동으로 설계/개발/시험을 수행할 수 있는 “국방 클라우드 R&D 존(Zone)”을 ’27년까지 별도로 분리하여 구축할 필요가 있다. 해당 공간은 보안등급별 가상격리(Virtual Segmentation) 구조를 적용하여, 국방 데이터 허브와 연동 가능한 클라우드기반 보안형 개발환경으로 운영한다. 이를 통해 방산기업의 설계–시뮬레이션–AI 학습–시험평가–배포의 전 과정을 단일 클라우드 내에서 수행 가능 하고, 기존 방산업체, AI 스타트업, 그리고 중소기업이 공동개발 형태로 참여함으로써 민군 혁신 확산하며, 국방 데이터 허브의 AI 학습데이터, 모델링 리소스, GPU·클러스터를 공동 활용 가능하도록 조성한다. | H58: 27.4 | I58: 국방부 | L58: 공공AI혁신팀 | M58: =IF($H58="기한없음","",DATE(2000+VALUE(LEFT($H58,2)),VALUE(RIGHT($H58,1))*3+1,1)-1) -> 46752 | N58: =IF($M58="","",$M58-이행현황요약!$B$3) -> 546 | O58: =IF($H58="기한없음","기한없음",IF($N58<0,"기한초과",IF($N58<=34,"긴급",IF($N58<=120,"주의",IF($N58<=240,"관찰","여유"))))) -> 여유 | P58: 진행중
A59: 1. AI 혁신생태계 조성 | B59: 전략분야 10) AI기반 국방 강국 | C59: 76 국방 데이터 및 클라우드 기반 민군 협력 촉진·활성화 | D59: 76-3 | E59: 국방 데이터 카탈로그화 및 클라우드 기반 구축 | F59: 국방·안보 분과 | G59: 국방부는 ’26년 2분기까지 수립한 국방 데이터 수집·분류기준에 따라 ’26년 3분기부터 ’27년 2분기까지 국방 데이터를 카탈로그화하고, 분기 단위로 최신화한다. 또한, 국방 데이터의 수집에서 정제, 공유, 분석, 활용(학습, 추론)의 전 과정을 효율적으로 관리하기 위한 클라우드 기반(‘국방 데이터 허브/플랫폼’)을 ’26년 2분기부터 단계적으로 구축하여 군·산·학·연이 안전하게 데이터를 공유·활용할 수 있는 개방형 협력 생태계를 조성한다. | H59: 26.2 | I59: 국방부 | L59: 공공AI혁신팀 | M59: =IF($H59="기한없음","",DATE(2000+VALUE(LEFT($H59,2)),VALUE(RIGHT($H59,1))*3+1,1)-1) -> 46203 | N59: =IF($M59="","",$M59-이행현황요약!$B$3) -> -3 | O59: =IF($H59="기한없음","기한없음",IF($N59<0,"기한초과",IF($N59<=34,"긴급",IF($N59<=120,"주의",IF($N59<=240,"관찰","여유"))))) -> 기한초과 | P59: 진행중
A60: 1. AI 혁신생태계 조성 | B60: 전략분야 10) AI기반 국방 강국 | C60: 76 국방 데이터 및 클라우드 기반 민군 협력 촉진·활성화 | D60: 76-4 | E60: 국방 클라우드 전환 및 AI 데이터센터 구축 | F60: 국방·안보 분과 | G60: 국방부는 전장관리와 자원관리 전 영역을 대상으로 하는 국방 클라우드 전환 계획과 AI 데이터센터 구축 계획을 ‘26년 2분기까지 수립하고 ‘28년 민군 융합형, ‘30년 군 전용 AI 데이터센터로 국방 AI 데이터센터를 단계적으로 확장하여 운영한다. | H60: 26.2 | I60: 국방부 | L60: 공공AI혁신팀 | M60: =IF($H60="기한없음","",DATE(2000+VALUE(LEFT($H60,2)),VALUE(RIGHT($H60,1))*3+1,1)-1) -> 46203 | N60: =IF($M60="","",$M60-이행현황요약!$B$3) -> -3 | O60: =IF($H60="기한없음","기한없음",IF($N60<0,"기한초과",IF($N60<=34,"긴급",IF($N60<=120,"주의",IF($N60<=240,"관찰","여유"))))) -> 기한초과 | P60: 진행중
A61: 1. AI 혁신생태계 조성 | B61: 전략분야 10) AI기반 국방 강국 | C61: 77 군 간부의 AI 전문성 제고를 위한 AI 학위과정 확대 | D61: 77-1 | E61: 군 간부 AI 역량 강화 | F61: 교육·인재 분과 | G61: 국방부는 ROTC 및 일반학사 출신을 포함한 군 간부의 AI 역량 강화와 대학에서의 ROTC, 학사장교 등의 지원 확대를 위해 복무 중 1.5년 내에 AI 석사학위 과정 수학 및 취득 기회를 적극 지원한다. 이를 통해 군 간부(장교, 부사관)의 AI 관심 제고, 전문성 강화 및 군 복무 후 사회진출 기회를 증진함으로써 군의 AI 현대화와 국가 AI경쟁력 증진에 기여할 수 있다. 구체적인 사업추진 방안을 ‘26년 2분기에 마련하고 ‘27년 2분기에 시행한다. | H61: 26.2 | I61: 국방부 | L61: AI인재양성지원팀 | M61: =IF($H61="기한없음","",DATE(2000+VALUE(LEFT($H61,2)),VALUE(RIGHT($H61,1))*3+1,1)-1) -> 46203 | N61: =IF($M61="","",$M61-이행현황요약!$B$3) -> -3 | O61: =IF($H61="기한없음","기한없음",IF($N61<0,"기한초과",IF($N61<=34,"긴급",IF($N61<=120,"주의",IF($N61<=240,"관찰","여유"))))) -> 기한초과 | P61: 진행중
A62: 1. AI 혁신생태계 조성 | B62: 전략분야 10) AI기반 국방 강국 | C62: 78 민군 협력을 통한 국방 AI 보안 역량 강화 | D62: 78-1 | E62: 민군협력 국방 AI 보안 혁신 | F62: 국방·안보 분과 | G62: 국방부는 유관부처(과기정통부, 국정원 등)와 협력하여, "민군협력 기반 국방 AI 보안 혁신 로드맵”을 ’26년 4분기까지 수립해야 한다. 본 정책은 AI를 활용한 사이버 방어의 지능화(AI for Security)와 AI 시스템의 신뢰성 확보(Security for AI)를 포괄하는 상호보완적 전략 기조를 견지해야 한다. 주요 내용으로 AI 기반 체계의 안전성을 극대화하기 위한 ‘제로트러스트 기반 보안 모델’ 및 ‘K-RMF-K-AI RMF의 유기적 연동 방안'을 핵심 아키텍처로 포함해야 한다. | H62: 26.4 | I62: 국방부 | K62: 과기정통부, 국정원 | L62: 공공AI혁신팀 | M62: =IF($H62="기한없음","",DATE(2000+VALUE(LEFT($H62,2)),VALUE(RIGHT($H62,1))*3+1,1)-1) -> 46387 | N62: =IF($M62="","",$M62-이행현황요약!$B$3) -> 181 | O62: =IF($H62="기한없음","기한없음",IF($N62<0,"기한초과",IF($N62<=34,"긴급",IF($N62<=120,"주의",IF($N62<=240,"관찰","여유"))))) -> 관찰 | P62: 진행중
A63: 1. AI 혁신생태계 조성 | B63: 전략분야 10) AI기반 국방 강국 | C63: 78 민군 협력을 통한 국방 AI 보안 역량 강화 | D63: 78-2 | E63: AI 보안 핵심기술의 국방 체계 적용 | F63: 국방·안보 분과 | G63: 국방부는 ’26년 4분기부터 레드티밍(Red Teaming) 및 실전적 사이버 방어 훈련을 정례화하여, AI 기반 방어 시스템(AI for Security)의 효용성을 검증하고, AI 시스템 자체의 잠재적 취약점(Security for AI)을 선제적으로 식별 및 보완해야 한다. AI 보안 핵심기술(Security for AI) 개발 및 실증을 가속화하여, 이를 ’28년까지 주요 국방 체계에, ’30년까지 전체 국방 시스템에 적용하는 것을 목표로 설정해야 하며 과기정통부 등과의 협력을 통해 추진될 핵심 인력 양성 및 기술 혁신 생태계 조성 사업과 연계되어, AI 보안 기술이 궁극적으로 국방력의 혁신적 강화(AI for Security)를 견인하는 초석이 되도록 추진되어야 한다. | H63: 26.4 | I63: 국방부 | K63: 과기정통부 | L63: 공공AI혁신팀 | M63: =IF($H63="기한없음","",DATE(2000+VALUE(LEFT($H63,2)),VALUE(RIGHT($H63,1))*3+1,1)-1) -> 46387 | N63: =IF($M63="","",$M63-이행현황요약!$B$3) -> 181 | O63: =IF($H63="기한없음","기한없음",IF($N63<0,"기한초과",IF($N63<=34,"긴급",IF($N63<=120,"주의",IF($N63<=240,"관찰","여유"))))) -> 관찰 | P63: 진행중
A64: 1. AI 혁신생태계 조성 | B64: 전략분야 10) AI기반 국방 강국 | C64: 79 국방 AX 가속화를 통한 스마트 강군으로의 전환 | D64: 79-1 | E64: 국방 AI 파운데이션 모델 개발 및 전력화 | F64: 국방·안보 분과 | G64: 국방부는 과기정통부와 협력하여 ’27년까지 독자 AI 파운데이션 모델 기반의 국방 AI 파운데이션 모델을 개발하고, 이를 토대로 국방 AI 파운데이션 모델 기반 국방 AI 체계를 개발하여 전력화한다. 또한, 국방 AI 파운데이션 모델에 대한 품질·안전성 검증을 위한 시험·인증 프로세스를 구축하여 적용하며, AI 파운데이션 모델에 대한 오류 발생에 신속하게 대응할 수 있는 롤백 체계를 마련하여 운영의 안정성을 보장한다. | H64: 27.4 | I64: 국방부 | K64: 과기정통부 | L64: 공공AI혁신팀 | M64: =IF($H64="기한없음","",DATE(2000+VALUE(LEFT($H64,2)),VALUE(RIGHT($H64,1))*3+1,1)-1) -> 46752 | N64: =IF($M64="","",$M64-이행현황요약!$B$3) -> 546 | O64: =IF($H64="기한없음","기한없음",IF($N64<0,"기한초과",IF($N64<=34,"긴급",IF($N64<=120,"주의",IF($N64<=240,"관찰","여유"))))) -> 여유 | P64: 진행중
A65: 1. AI 혁신생태계 조성 | B65: 전략분야 10) AI기반 국방 강국 | C65: 79 국방 AX 가속화를 통한 스마트 강군으로의 전환 | D65: 79-2 | E65: 국방 AX 거점 구축 | F65: 국방·안보 분과 | G65: 국방부는 ’26년 2분기까지 국방 AX 실증 및 검증, 국방 AX 인재양성(교육, 세미나) 등에 초점을 두는 국방 AX 거점을 구축하고, AX Sprint·AX Challenge를 통해 국방 AI 기술 및 체계 실증과 민군 협력을 추진한다. | H65: 26.2 | I65: 국방부 | L65: 공공AI혁신팀 | M65: =IF($H65="기한없음","",DATE(2000+VALUE(LEFT($H65,2)),VALUE(RIGHT($H65,1))*3+1,1)-1) -> 46203 | N65: =IF($M65="","",$M65-이행현황요약!$B$3) -> -3 | O65: =IF($H65="기한없음","기한없음",IF($N65<0,"기한초과",IF($N65<=34,"긴급",IF($N65<=120,"주의",IF($N65<=240,"관찰","여유"))))) -> 기한초과 | P65: 진행중
A66: 1. AI 혁신생태계 조성 | B66: 전략분야 10) AI기반 국방 강국 | C66: 79 국방 AX 가속화를 통한 스마트 강군으로의 전환 | D66: 79-3 | E66: 군 내 피지컬AI 시험환경 구축 및 획득 전략 수립 | F66: 국방·안보 분과 | G66: 국방부는 산업부, 과기정통부 등 유관 부처와 협력하여 Physical AI 기술 도입 및 확산을 위하여, 군 운용 환경을 고려한 Physical AI 시험 환경(현실, 가상) 구축 등 제반 여건 확보를 위한 정책 및 군의 실데이터 확보를 위한 획득 전략을 ’26년 2분기까지 수립한다. 또한 국방 AI 체계 소요를 고려한 온디바이스 AI 확보 계획을 단계적으로 수립한다. | H66: 26.2 | I66: 국방부 | K66: 과기정통부, 산업부 | L66: 공공AI혁신팀 | M66: =IF($H66="기한없음","",DATE(2000+VALUE(LEFT($H66,2)),VALUE(RIGHT($H66,1))*3+1,1)-1) -> 46203 | N66: =IF($M66="","",$M66-이행현황요약!$B$3) -> -3 | O66: =IF($H66="기한없음","기한없음",IF($N66<0,"기한초과",IF($N66<=34,"긴급",IF($N66<=120,"주의",IF($N66<=240,"관찰","여유"))))) -> 기한초과 | P66: 진행중
A67: 1. AI 혁신생태계 조성 | B67: 전략분야 10) AI기반 국방 강국 | C67: 79 국방 AX 가속화를 통한 스마트 강군으로의 전환 | D67: 79-4 | E67: 국방 AI 체계 단계적 구축 | F67: 국방·안보 분과 | G67: 국방부는 산업부, 과기정통부 등 유관부처와의 협력을 통해 유무인 협업체계 구축을 위한 "국방 AI 체계 추진 전략”을 ’26년 2분기까지 수립하고, ’26년 1분기부터 기술개발 및 실증을 시작하여 ’29년까지 비전투 분야, ’30년까지 전투 분야 국방 AI 체계를 구축한다. 또한 전략의 일환으로 국방 AI 분야 핵심인력 양성과 혁신생태계 조성을 추진한다. | H67: 26.2 | I67: 국방부 | K67: 과기정통부, 산업부 | L67: 공공AI혁신팀 | M67: =IF($H67="기한없음","",DATE(2000+VALUE(LEFT($H67,2)),VALUE(RIGHT($H67,1))*3+1,1)-1) -> 46203 | N67: =IF($M67="","",$M67-이행현황요약!$B$3) -> -3 | O67: =IF($H67="기한없음","기한없음",IF($N67<0,"기한초과",IF($N67<=34,"긴급",IF($N67<=120,"주의",IF($N67<=240,"관찰","여유"))))) -> 기한초과 | P67: 진행중
A68: 1. AI 혁신생태계 조성 | B68: 전략분야 10) AI기반 국방 강국 | C68: 79 국방 AX 가속화를 통한 스마트 강군으로의 전환 | D68: 79-5 | E68: 국방 AI 체계 전반의 보안성·신뢰성 확보 | F68: 국방·안보 분과 | G68: 국방부는 국방 AI 체계 전반의 보안성·신뢰성 평가 체계를 ’27년까지 마련해, 품질 기반 AX 개발 문화를 정착시키고, 병사와 조직이 AI를 실질적으로 활용하는 스마트 강군으로 전환해 나간다. | H68: 27.4 | I68: 국방부 | L68: 공공AI혁신팀 | M68: =IF($H68="기한없음","",DATE(2000+VALUE(LEFT($H68,2)),VALUE(RIGHT($H68,1))*3+1,1)-1) -> 46752 | N68: =IF($M68="","",$M68-이행현황요약!$B$3) -> 546 | O68: =IF($H68="기한없음","기한없음",IF($N68<0,"기한초과",IF($N68<=34,"긴급",IF($N68<=120,"주의",IF($N68<=240,"관찰","여유"))))) -> 여유 | P68: 진행중
A69: 1. AI 혁신생태계 조성 | B69: 전략분야 10) AI기반 국방 강국 | C69: 80 방산 AI 육성을 통한 방산수출 4대 강국 진입 | D69: 80-1 | E69: K-AI 방산 육성 | F69: 국방·안보 분과 | G69: 국방부(방사청)는 산업부와 협력하여 '26년 2분기까지 기존 무기체계의 지능화와 AI 기반 신무기 체계의 발전을 견인할 방산 AI 육성을 위한 K-AI 방산 전략을 수립한다. | H69: 26.2 | I69: 국방부 | K69: 산업부 | L69: 공공AI혁신팀 | M69: =IF($H69="기한없음","",DATE(2000+VALUE(LEFT($H69,2)),VALUE(RIGHT($H69,1))*3+1,1)-1) -> 46203 | N69: =IF($M69="","",$M69-이행현황요약!$B$3) -> -3 | O69: =IF($H69="기한없음","기한없음",IF($N69<0,"기한초과",IF($N69<=34,"긴급",IF($N69<=120,"주의",IF($N69<=240,"관찰","여유"))))) -> 기한초과 | P69: 진행중
A70: 1. AI 혁신생태계 조성 | B70: 전략분야 10) AI기반 국방 강국 | C70: 80 방산 AI 육성을 통한 방산수출 4대 강국 진입 | D70: 80-2 | E70: 한국형 국방 AI 계약·조달 제도 마련 | F70: 국방·안보 분과 | G70: 국방부(방사청)는 '26년 4분기까지 한국형 국방 AI 계약 및 조달 제도를 마련하여 '27년 2분기부터 해당 제도를 적용한 실증형 R&D 프로그램을 추진한다. 이 조달제도는 위에서 서술한 문제점에 대한 해결방안을 포함해야 한다. | H70: 26.4 | I70: 국방부 | L70: 공공AI혁신팀 | M70: =IF($H70="기한없음","",DATE(2000+VALUE(LEFT($H70,2)),VALUE(RIGHT($H70,1))*3+1,1)-1) -> 46387 | N70: =IF($M70="","",$M70-이행현황요약!$B$3) -> 181 | O70: =IF($H70="기한없음","기한없음",IF($N70<0,"기한초과",IF($N70<=34,"긴급",IF($N70<=120,"주의",IF($N70<=240,"관찰","여유"))))) -> 관찰 | P70: 진행중
A71: 1. AI 혁신생태계 조성 | B71: 전략분야 10) AI기반 국방 강국 | C71: 80 방산 AI 육성을 통한 방산수출 4대 강국 진입 | D71: 80-3 | E71: AI 스타트업 참여 등 방산 수출 경쟁력 강화 | F71: 국방·안보 분과 | G71: 국방부(방사청)는 산업부와 협력하여 '27년까지 방산업체와 AI 스타트업 공동 참여 인센티브, AI 스타트업의 방산업 진출을 통한 국방 전문성 확보와 수출 지원을 위한 제도를 단계적으로 마련하고, '28년부터 주요 무기체계에 AI 모듈형 솔루션을 탑재하여 기존 무기체계의 부가가치를 높이고 해외시장 경쟁력을 강화하여 '30년까지 방산 수출 4대 강국에 진입한다. | H71: 27.4 | I71: 국방부 | K71: 산업부 | L71: 공공AI혁신팀 | M71: =IF($H71="기한없음","",DATE(2000+VALUE(LEFT($H71,2)),VALUE(RIGHT($H71,1))*3+1,1)-1) -> 46752 | N71: =IF($M71="","",$M71-이행현황요약!$B$3) -> 546 | O71: =IF($H71="기한없음","기한없음",IF($N71<0,"기한초과",IF($N71<=34,"긴급",IF($N71<=120,"주의",IF($N71<=240,"관찰","여유"))))) -> 여유 | P71: 진행중
A72: 1. AI 혁신생태계 조성 | B72: 전략분야 11) AI 기본 사회 | C72: 81 ｢모두를 위한 AI 기본 사회 추진계획｣ 수립 | D72: 81-1 | E72: AI 기본사회 거버넌스 구축 | F72: 사회 분과 | G72: 과기정통부는, 행안부, 복지부, 노동부, 교육부, 성평등부, 기후부 등 관계 부처와 협력하여, 「모두를 위한 AI 기본사회 추진계획」을 ’26년 4분기까지 수립하되, 사회적 논의를 위하여 그 초안을 ’26년 2분기까지 마련한다. 과기정통부는 ’26년 2분기까지 AI 기본사회 추진계획 수립 및 지속적인 실현을 위하여 범정부 차원의 거버넌스기구를 구축하는 방안을 마련하되, 그 거버넌스기구에는 학계, 전문가, 시민사회 등 민간의 다양한 의견을 포괄할 수 있도록 민간의 참여가 보장되어야 한다. | H72: 26.2 | I72: 과기정통부 | K72: 성평등부, 교육부, 기후부, 노동부, 복지부, 행안부 | L72: AI사회산업팀 | M72: =IF($H72="기한없음","",DATE(2000+VALUE(LEFT($H72,2)),VALUE(RIGHT($H72,1))*3+1,1)-1) -> 46203 | N72: =IF($M72="","",$M72-이행현황요약!$B$3) -> -3 | O72: =IF($H72="기한없음","기한없음",IF($N72<0,"기한초과",IF($N72<=34,"긴급",IF($N72<=120,"주의",IF($N72<=240,"관찰","여유"))))) -> 기한초과 | P72: 진행중
A73: 1. AI 혁신생태계 조성 | B73: 전략분야 11) AI 기본 사회 | C73: 81 ｢모두를 위한 AI 기본 사회 추진계획｣ 수립 | D73: 81-2 | E73: 모두를 위한 AI 기본사회 추진계획 수립 | F73: 사회 분과 | G73: 「모두를 위한 AI 기본사회 추진계획」은 국민의 기본권 확대와 성별·지역별·세대별·계층별 격차해소, 사회안전망 강화를 목표로 하고, AI민주주의·기술윤리·사회적 포용원칙이 통합적으로 고려되어야 하며, 노동·복지·교육·금융·문화·안전·환경 등 7대 핵심 영역의 구현 전략과 범부처 실행체계 구축 방안을 포함하여야 한다. | H73: 26.4 | I73: 과기정통부 | L73: AI사회산업팀 | M73: =IF($H73="기한없음","",DATE(2000+VALUE(LEFT($H73,2)),VALUE(RIGHT($H73,1))*3+1,1)-1) -> 46387 | N73: =IF($M73="","",$M73-이행현황요약!$B$3) -> 181 | O73: =IF($H73="기한없음","기한없음",IF($N73<0,"기한초과",IF($N73<=34,"긴급",IF($N73<=120,"주의",IF($N73<=240,"관찰","여유"))))) -> 관찰 | P73: 진행중
A74: 1. AI 혁신생태계 조성 | B74: 전략분야 11) AI 기본 사회 | C74: 81 ｢모두를 위한 AI 기본 사회 추진계획｣ 수립 | D74: 81-3 | E74: 공론장 및 숙의를 통한 AI 기본사회 추진계획 수립·추진 | F74: 사회 분과 | G74: 과기정통부는 「모두를 위한 AI 기본사회 추진계획」을 수립하고 추진함에 있어서, 관계 부처 및 다양한 이해관계를 가진 국민들이 참여하는 공론장을 통하여 사회적 쟁점에 대한 숙의가 이루어지도록 하고, 여기에서 도출된 의견을 반영함으로써, AI 기본 사회 추진에 대한 사회적 수용성과 정당성을 제고하여야 한다. | H74: 26.4 | I74: 과기정통부 | L74: AI사회산업팀 | M74: =IF($H74="기한없음","",DATE(2000+VALUE(LEFT($H74,2)),VALUE(RIGHT($H74,1))*3+1,1)-1) -> 46387 | N74: =IF($M74="","",$M74-이행현황요약!$B$3) -> 181 | O74: =IF($H74="기한없음","기한없음",IF($N74<0,"기한초과",IF($N74<=34,"긴급",IF($N74<=120,"주의",IF($N74<=240,"관찰","여유"))))) -> 관찰 | P74: 진행중
A75: 1. AI 혁신생태계 조성 | B75: 전략분야 11) AI 기본 사회 | C75: 81 ｢모두를 위한 AI 기본 사회 추진계획｣ 수립 | D75: 81-4 | E75: AI 기본사회 서비스 및 법·제도 정비 | F75: 사회 분과 | G75: 과기정통부는 AI 기본사회 시범 사업을 시행하고 관련 법·제도 정비 소요를 ’27년 4분기까지 파악한 뒤, 이를 바탕으로 ’30년 1분기까지 「모두를 위한 AI 기본사회 추진 계획」의 노동·복지·교육·금융·문화·안전·환경 등 7대 핵심 영역의 구현 전략을 핵심으로 하는 범국민 서비스를 개시하고 법·제도를 정비하되, 이 과정에서 공익데이터 확보·개방, 공익 AI 육성, 시민참여형 거버넌스 구축을 함께 추진한다. | H75: 27.4 | I75: 과기정통부 | L75: AI사회산업팀 | M75: =IF($H75="기한없음","",DATE(2000+VALUE(LEFT($H75,2)),VALUE(RIGHT($H75,1))*3+1,1)-1) -> 46752 | N75: =IF($M75="","",$M75-이행현황요약!$B$3) -> 546 | O75: =IF($H75="기한없음","기한없음",IF($N75<0,"기한초과",IF($N75<=34,"긴급",IF($N75<=120,"주의",IF($N75<=240,"관찰","여유"))))) -> 여유 | P75: 진행중
A76: 1. AI 혁신생태계 조성 | B76: 전략분야 11) AI 기본 사회 | C76: 82 AI 기본 사회 추진 거버넌스 마련 | D76: 82-1 | E76: AI 소셜벤처 포함 사회 혁신형 생태계 조성 | F76: 사회 분과 | G76: 과기정통부와 행안부는 중기부, 기획예산처 등 관계 부처와 협력하여, AI 소셜벤처를 포함한 ｢사회 연대 경제 및 공익데이터 기반의 사회 혁신형 생태계 조성 계획｣을 ’26년 2분기까지 수립하되, 동 조성 계획에는 ①공익데이터·AI의 법적 지위의 명확화·제도화 검토, ②공공 AX 예산 사업의 특정 비율(예 : 10~20%)을 공익데이터·AI 분야에 배분하기 위한 기준 마련·적용, ③사회 혁신형 생태계 조성 과정에서 민간 참여 최소 비율 지정, ④조달·바우처·R&D·인력 양성 등 정부 지원 프로그램과 AI 소셜벤처 연계, ⑤민·관·학 협력에 기반한 사회혁신형 데이터 거버넌스 모델 구축, ⑥공익데이터의 품질관리 및 윤리 검증 절차 마련 등 사회 연대 경제의 지속 가능한 생태계 구축을 위한 방안이 포함되어야 한다. | H76: 26.2 | I76: 과기정통부, 행안부 | J76: O | K76: 기획처, 중기부 | L76: AI사회산업팀 | M76: =IF($H76="기한없음","",DATE(2000+VALUE(LEFT($H76,2)),VALUE(RIGHT($H76,1))*3+1,1)-1) -> 46203 | N76: =IF($M76="","",$M76-이행현황요약!$B$3) -> -3 | O76: =IF($H76="기한없음","기한없음",IF($N76<0,"기한초과",IF($N76<=34,"긴급",IF($N76<=120,"주의",IF($N76<=240,"관찰","여유"))))) -> 기한초과 | P76: 진행중
A77: 1. AI 혁신생태계 조성 | B77: 전략분야 11) AI 기본 사회 | C77: 82 AI 기본 사회 추진 거버넌스 마련 | D77: 82-2 | E77: AI시대 새로운 기본권 체계 제도화 | F77: 사회 분과 | G77: 과기정통부는 ‘모두의 AI 범부처 얼라이언스’를 ’26년 2분기까지 구성하여 정책·데이터·기술간 연계 체계를 강화하고, 관계 법령에 ‘기술 기본권’과 ‘공익 AI’ 조항을 반영하여 AI시대의 새로운 기본권 체계를 ’27년 4분기까지 제도화한다. | H77: 26.2 | I77: 과기정통부 | L77: AI사회산업팀 | M77: =IF($H77="기한없음","",DATE(2000+VALUE(LEFT($H77,2)),VALUE(RIGHT($H77,1))*3+1,1)-1) -> 46203 | N77: =IF($M77="","",$M77-이행현황요약!$B$3) -> -3 | O77: =IF($H77="기한없음","기한없음",IF($N77<0,"기한초과",IF($N77<=34,"긴급",IF($N77<=120,"주의",IF($N77<=240,"관찰","여유"))))) -> 기한초과 | P77: 진행중
A78: 1. AI 혁신생태계 조성 | B78: 전략분야 11) AI 기본 사회 | C78: 83 모두의 AI를 위한 AI 윤리 확산·고도화 | D78: 83-1 | E78: AI 윤리 포럼 운영 | F78: 사회 분과 | G78: 과기정통부는 ｢인공지능 윤리원칙｣의 고도화 및 확산 과정에서 AI 개발 사업자 및 이용 사업자, 이용자, 영향을 받는 자 등 ｢인공지능 기본법｣에서 정의된 주체를 포함하여 사회 각계의 의견 수렴을 위해 기존 ｢인공지능 윤리 포럼｣을 지속 운영하며, 해당 포럼의 운영 결과가 차년도 국가 AI 정책에 반영될 수 있도록 지원한다. | H78: 기한없음 | I78: 과기정통부 | L78: AI사회산업팀 | M78: =IF($H78="기한없음","",DATE(2000+VALUE(LEFT($H78,2)),VALUE(RIGHT($H78,1))*3+1,1)-1) | N78: =IF($M78="","",$M78-이행현황요약!$B$3) | O78: =IF($H78="기한없음","기한없음",IF($N78<0,"기한초과",IF($N78<=34,"긴급",IF($N78<=120,"주의",IF($N78<=240,"관찰","여유"))))) -> 기한없음 | P78: 진행중
A79: 1. AI 혁신생태계 조성 | B79: 전략분야 11) AI 기본 사회 | C79: 83 모두의 AI를 위한 AI 윤리 확산·고도화 | D79: 83-2 | E79: AI 윤리원칙 제정 | F79: 사회 분과 | G79: 과기정통부는 '20년에 수립한 ｢인공지능 윤리기준｣을 현재, 그리고 향후 AI 기술 방향성을 고려하여 '26년 2분기까지 고도화하여 ｢인공지능 윤리원칙｣을 제정한다. 동 윤리원칙은 국제적으로도 정합성을 가져야 하며, 인공지능 윤리 유관 정책 및 사업 관련 부처와 협의하고, 인공지능 윤리 작업반, 인공지능 윤리 포럼, AI 공론장 등을 통한 사회 각계의 의견 수렴 절차를 거쳐 국가AI전략위원회의 심의를 통해 최종적으로 확정된다. 또한, 개별 부처에서 요청 시 필요하다고 판단되는 경우 부처 특성에 맞는 인공지능 윤리 가이드라인 수립을 지원한다. | H79: 26.2 | I79: 과기정통부 | K79: 국가AI전략위 | L79: AI사회산업팀 | M79: =IF($H79="기한없음","",DATE(2000+VALUE(LEFT($H79,2)),VALUE(RIGHT($H79,1))*3+1,1)-1) -> 46203 | N79: =IF($M79="","",$M79-이행현황요약!$B$3) -> -3 | O79: =IF($H79="기한없음","기한없음",IF($N79<0,"기한초과",IF($N79<=34,"긴급",IF($N79<=120,"주의",IF($N79<=240,"관찰","여유"))))) -> 기한초과 | P79: 진행중
A80: 1. AI 혁신생태계 조성 | B80: 전략분야 11) AI 기본 사회 | C80: 83 모두의 AI를 위한 AI 윤리 확산·고도화 | D80: 83-3 | E80: AI 윤리기준 실천 자율점검표 고도화 | F80: 사회 분과 | G80: 과기정통부는 AI 개발 사업자 및 이용 사업자가 AI 시스템의 기획-개발-배포에 이르는 생애주기에 걸쳐 윤리적 고려 사항을 점검할 수 있도록, 기존 ｢인공지능 윤리기준｣ 실천을 위한 자율 점검표를 ’26년 4분기까지 고도화한다. | H80: 26.4 | I80: 과기정통부 | L80: AI사회산업팀 | M80: =IF($H80="기한없음","",DATE(2000+VALUE(LEFT($H80,2)),VALUE(RIGHT($H80,1))*3+1,1)-1) -> 46387 | N80: =IF($M80="","",$M80-이행현황요약!$B$3) -> 181 | O80: =IF($H80="기한없음","기한없음",IF($N80<0,"기한초과",IF($N80<=34,"긴급",IF($N80<=120,"주의",IF($N80<=240,"관찰","여유"))))) -> 관찰 | P80: 진행중
A81: 1. AI 혁신생태계 조성 | B81: 전략분야 11) AI 기본 사회 | C81: 83 모두의 AI를 위한 AI 윤리 확산·고도화 | D81: 83-4 | E81: AI 사회적 영향분석 시행 | F81: 사회 분과 | G81: 과기정통부는 AI 기술이 국내 사회・경제에 미치는 영향을 전방위적으로 분석하기 위한 ｢인공지능 사회적 영향분석｣를 ‘26년부터 연 1회 시행한다. 동 분석을 위해 국가AI전략위원회와 협력하며 ｢인공지능 윤리포럼｣ 위원, 일반 시민 등 사회 각계 의견 수렴을 위한 다양성이 보장되어야 한다. 과기정통부는 동 분석 결과가 차년도 국가 AI 정책에 반영될 수 있는 체계 확보를 지원하며, 관련 내용을 일반 대중에게 공개한다. | H81: 26.4 | I81: 과기정통부 | K81: 국가AI전략위 | L81: AI사회산업팀 | M81: =IF($H81="기한없음","",DATE(2000+VALUE(LEFT($H81,2)),VALUE(RIGHT($H81,1))*3+1,1)-1) -> 46387 | N81: =IF($M81="","",$M81-이행현황요약!$B$3) -> 181 | O81: =IF($H81="기한없음","기한없음",IF($N81<0,"기한초과",IF($N81<=34,"긴급",IF($N81<=120,"주의",IF($N81<=240,"관찰","여유"))))) -> 관찰 | P81: 진행중
A82: 1. AI 혁신생태계 조성 | B82: 전략분야 11) AI 기본 사회 | C82: 84 AI 공론장 설계 및 운영 | D82: 84-1 | E82: AI 공론장 플랫폼 설계·구축 | F82: 사회 분과 | G82: 과기정통부는 국가AI전략위와 협력하여 ’26년 3분기까지 ‘AI 공론장’ 플랫폼을 설계·구축하고, 시민·전문가·기업·정부가 함께 숙의하는 다중 이해자 거버넌스를 통해 AI 기술로 인한 사회적 변화와 쟁점을 주제별로 수집·분석하여 제안→숙의→실증사업→정책화로 이어지는 공론화 프로세스를 정착시킨다. | H82: 26.3 | I82: 과기정통부 | K82: 국가AI전략위 | L82: AI사회산업팀 | M82: =IF($H82="기한없음","",DATE(2000+VALUE(LEFT($H82,2)),VALUE(RIGHT($H82,1))*3+1,1)-1) -> 46295 | N82: =IF($M82="","",$M82-이행현황요약!$B$3) -> 89 | O82: =IF($H82="기한없음","기한없음",IF($N82<0,"기한초과",IF($N82<=34,"긴급",IF($N82<=120,"주의",IF($N82<=240,"관찰","여유"))))) -> 주의 | P82: 진행중
A83: 1. AI 혁신생태계 조성 | B83: 전략분야 11) AI 기본 사회 | C83: 84 AI 공론장 설계 및 운영 | D83: 84-2 | E83: AI 정책 공론화·실증 | F83: 사회 분과 | G83: 과기정통부는 국가AI전략위와 협력하여 정부와 시민단체를 연계한 정책 공론화·실증 프로젝트를 ’26년 4분기까지 5건 이상 추진하고, 그 결과를 정부의 AI 관련 정책에 우선적으로 반영한다. | H83: 26.4 | I83: 과기정통부 | K83: 국가AI전략위 | L83: AI사회산업팀 | M83: =IF($H83="기한없음","",DATE(2000+VALUE(LEFT($H83,2)),VALUE(RIGHT($H83,1))*3+1,1)-1) -> 46387 | N83: =IF($M83="","",$M83-이행현황요약!$B$3) -> 181 | O83: =IF($H83="기한없음","기한없음",IF($N83<0,"기한초과",IF($N83<=34,"긴급",IF($N83<=120,"주의",IF($N83<=240,"관찰","여유"))))) -> 관찰 | P83: 진행중
A84: 1. AI 혁신생태계 조성 | B84: 전략분야 11) AI 기본 사회 | C84: 84 AI 공론장 설계 및 운영 | D84: 84-3 | E84: AI 국민참여 확산 | F84: 사회 분과 | G84: 과기정통부는 국민 참여형 AI 거버넌스의 표준 모델을 정립하고, 다중 이해관계자와 시민은 물론 특히 기술의 영향을 받는 당사자, 취약계층 및 소수자가 폭넓게 참여하여 사회의 다양한 가치를 반영할 수 있도록 온·오프라인을 연계한 ｢AI 국민참여 확산 전략｣을 ’26년 1분기까지 마련한다. | H84: 26.1 | I84: 과기정통부 | L84: AI사회산업팀 | M84: =IF($H84="기한없음","",DATE(2000+VALUE(LEFT($H84,2)),VALUE(RIGHT($H84,1))*3+1,1)-1) -> 46112 | N84: =IF($M84="","",$M84-이행현황요약!$B$3) -> -94 | O84: =IF($H84="기한없음","기한없음",IF($N84<0,"기한초과",IF($N84<=34,"긴급",IF($N84<=120,"주의",IF($N84<=240,"관찰","여유"))))) -> 기한초과 | P84: 진행중
A85: 1. AI 혁신생태계 조성 | B85: 전략분야 11) AI 기본 사회 | C85: 85 AI를 활용한 사회문제 해결을 위해 ‘모두의 AI 실험실’ 구축 | D85: 85-1 | E85: 개방형 AI 생태계 조성 및 문화적 토대 구축 | F85: 사회 분과 | G85: 과기정통부와 행안부는 국민이 주체로 참여하는 개방형 AI 생태계를 조성하고, 사회문제 해결과 AI 대전환의 바람직한 방향을 함께 만들어가는 문화적 토대를 구축하여야 한다. | H85: 기한없음 | I85: 과기정통부, 행안부 | J85: O | L85: AI사회산업팀 | M85: =IF($H85="기한없음","",DATE(2000+VALUE(LEFT($H85,2)),VALUE(RIGHT($H85,1))*3+1,1)-1) | N85: =IF($M85="","",$M85-이행현황요약!$B$3) | O85: =IF($H85="기한없음","기한없음",IF($N85<0,"기한초과",IF($N85<=34,"긴급",IF($N85<=120,"주의",IF($N85<=240,"관찰","여유"))))) -> 기한없음 | P85: 진행중
A86: 1. AI 혁신생태계 조성 | B86: 전략분야 11) AI 기본 사회 | C86: 85 AI를 활용한 사회문제 해결을 위해 ‘모두의 AI 실험실’ 구축 | D86: 85-2 | E86: 국민 참여형 모두의 AI 실험실 구축 | F86: 사회 분과 | G86: 과기정통부와 행안부는 이를 위해 모든 국민이 AI를 활용해 사회문제를 직접 해결하고 창의적 아이디어를 실현할 수 있도록 국민 참여형 온·오프라인 ‘모두의 AI 실험실’을 ’26년 3분기까지 구축하되, 모두의 AI 실험실은 누구나 손쉽게 활용할 수 있는 로우코드·노코드 개발환경과 오픈소스 커뮤니티 지원체계를 제공하고, GPU 인프라와 공익데이터를 개방해 시민·개발자·스타트업이 함께 혁신에 참여하는 구조로 마련되어야 한다. | H86: 26.3 | I86: 과기정통부, 행안부 | J86: O | L86: AI사회산업팀 | M86: =IF($H86="기한없음","",DATE(2000+VALUE(LEFT($H86,2)),VALUE(RIGHT($H86,1))*3+1,1)-1) -> 46295 | N86: =IF($M86="","",$M86-이행현황요약!$B$3) -> 89 | O86: =IF($H86="기한없음","기한없음",IF($N86<0,"기한초과",IF($N86<=34,"긴급",IF($N86<=120,"주의",IF($N86<=240,"관찰","여유"))))) -> 주의 | P86: 진행중
A87: 1. AI 혁신생태계 조성 | B87: 전략분야 11) AI 기본 사회 | C87: 85 AI를 활용한 사회문제 해결을 위해 ‘모두의 AI 실험실’ 구축 | D87: 85-3 | E87: 모두의 AI 실험실 오프라인 거점 운영 | F87: 사회 분과 | G87: 과기정통부는 모두의 AI 실험실 오프라인 거점을 ’26년 4분기까지 5개소를 시범 운영한 뒤 그 성과를 반영하여 ’30년까지 단계적 확대를 추진하되, 오프라인 거점과 온라인 공간을 합쳐 ’30년까지 총 1천 개의 문제를 해결하는 것을 목표로 한다. | H87: 26.4 | I87: 과기정통부 | L87: AI사회산업팀 | M87: =IF($H87="기한없음","",DATE(2000+VALUE(LEFT($H87,2)),VALUE(RIGHT($H87,1))*3+1,1)-1) -> 46387 | N87: =IF($M87="","",$M87-이행현황요약!$B$3) -> 181 | O87: =IF($H87="기한없음","기한없음",IF($N87<0,"기한초과",IF($N87<=34,"긴급",IF($N87<=120,"주의",IF($N87<=240,"관찰","여유"))))) -> 관찰 | P87: 진행중
A88: 1. AI 혁신생태계 조성 | B88: 전략분야 11) AI 기본 사회 | C88: 86 AI 기본 사회 글로벌 얼라이언스 구성 | D88: 86-1 | E88: AI 기본사회 글로벌 얼라이언스 시행 | F88: 사회 분과 | G88: 과기정통부와 외교부는 한국의 ‘AI 기본 사회’ 모델을 국제사회에 확산하기 위한 ‘AI 기본 사회 글로벌 얼라이언스’의 구체적인 시행 계획을 ’27년 1분기까지 마련한다. | H88: 27.1 | I88: 과기정통부, 외교부 | J88: O | L88: AI사회산업팀 | M88: =IF($H88="기한없음","",DATE(2000+VALUE(LEFT($H88,2)),VALUE(RIGHT($H88,1))*3+1,1)-1) -> 46477 | N88: =IF($M88="","",$M88-이행현황요약!$B$3) -> 271 | O88: =IF($H88="기한없음","기한없음",IF($N88<0,"기한초과",IF($N88<=34,"긴급",IF($N88<=120,"주의",IF($N88<=240,"관찰","여유"))))) -> 여유 | P88: 진행중
A89: 1. AI 혁신생태계 조성 | B89: 전략분야 11) AI 기본 사회 | C89: 86 AI 기본 사회 글로벌 얼라이언스 구성 | D89: 86-2 | E89: 국내 AI 기본사회 사례 수집 및 해외 네트워크 구축 | F89: 사회 분과 | G89: 과기정통부와 외교부는 이를 위해 민·관 공동 준비단을 구성하여 현재 활성화되어 운영 중인 국내 AI 기본 사회 사례를 수집하고, 해외 유관 네트워크와 공조 체계를 ’27년 1분기까지 구축한다. | H89: 27.1 | I89: 과기정통부, 외교부 | J89: O | L89: AI사회산업팀 | M89: =IF($H89="기한없음","",DATE(2000+VALUE(LEFT($H89,2)),VALUE(RIGHT($H89,1))*3+1,1)-1) -> 46477 | N89: =IF($M89="","",$M89-이행현황요약!$B$3) -> 271 | O89: =IF($H89="기한없음","기한없음",IF($N89<0,"기한초과",IF($N89<=34,"긴급",IF($N89<=120,"주의",IF($N89<=240,"관찰","여유"))))) -> 여유 | P89: 진행중
A90: 1. AI 혁신생태계 조성 | B90: 전략분야 11) AI 기본 사회 | C90: 87 AI 시대 생애 경제 통합 전략 마련 | D90: 87-1 | E90: AI의 생애 경제 영향 및 대응 전략 모색 | F90: 사회 분과 | G90: 재정경제부는 과기정통부, 노동부, 금융위, 국가데이터처, 국세청, 국토부, 문체부, 복지부, 성평등부와 협력하여 AI가 노동, 소득, 자산, 금융 등 개인의 생애 경제에 미치는 영향 및 대응전략에 대한 연구를 ’26년 4분기까지 추진한다. | H90: 26.4 | I90: 재경부 | K90: 국가데이터처, 과기정통부, 성평등부, 국토부, 금융위, 노동부, 문체부, 복지부, 국세청 | L90: AI사회산업팀 | M90: =IF($H90="기한없음","",DATE(2000+VALUE(LEFT($H90,2)),VALUE(RIGHT($H90,1))*3+1,1)-1) -> 46387 | N90: =IF($M90="","",$M90-이행현황요약!$B$3) -> 181 | O90: =IF($H90="기한없음","기한없음",IF($N90<0,"기한초과",IF($N90<=34,"긴급",IF($N90<=120,"주의",IF($N90<=240,"관찰","여유"))))) -> 관찰 | P90: 진행중
A91: 1. AI 혁신생태계 조성 | B91: 전략분야 11) AI 기본 사회 | C91: 87 AI 시대 생애 경제 통합 전략 마련 | D91: 87-2 | E91: AI 시대 중장기 생애 경제 지원방안 수립 검토 | F91: 사회 분과 | G91: 재정경제부는 이 연구를 토대로 과기정통부, 노동부, 금융위, 국가데이터처, 국세청, 국토부, 문체부, 복지부, 성평등부와 협의를 통해 AI 대전환에 따른 일자리·복지 시스템의 단계적 개편방안을 담은 ｢AI 시대 중장기 생애 경제 지원방안｣을 ’27년 4분기까지 논의하며, 이를 토대로 수립을 검토한다. | H91: 27.4 | I91: 재경부 | K91: 국가데이터처, 과기정통부, 성평등부, 국토부, 금융위, 노동부, 문체부, 복지부, 국세청 | L91: AI사회산업팀 | M91: =IF($H91="기한없음","",DATE(2000+VALUE(LEFT($H91,2)),VALUE(RIGHT($H91,1))*3+1,1)-1) -> 46752 | N91: =IF($M91="","",$M91-이행현황요약!$B$3) -> 546 | O91: =IF($H91="기한없음","기한없음",IF($N91<0,"기한초과",IF($N91<=34,"긴급",IF($N91<=120,"주의",IF($N91<=240,"관찰","여유"))))) -> 여유 | P91: 진행중
A92: 1. AI 혁신생태계 조성 | B92: 전략분야 11) AI 기본 사회 | C92: 87 AI 시대 생애 경제 통합 전략 마련 | D92: 87-3 | E92: 인구 정책 실효성 제고를 위한 AI 데이터 활성화 및 표준화 | F92: 사회 분과 | G92: 국가데이터처는 소득 이동, 자살, 사회 보장 행정 등 인구 정책의 실효성을 높이고 정부 기관간 보유한 데이터의 연계ㆍ활용도를 강화할 수 있도록 산업계ㆍ학계 등의 데이터 수요 조사에 기반하여 AI 데이터 활성화 및 데이터 표준화를 위한 연구를 ’26년 4분기까지 추진한다. | H92: 26.4 | I92: 국가데이터처 | L92: AI사회산업팀 | M92: =IF($H92="기한없음","",DATE(2000+VALUE(LEFT($H92,2)),VALUE(RIGHT($H92,1))*3+1,1)-1) -> 46387 | N92: =IF($M92="","",$M92-이행현황요약!$B$3) -> 181 | O92: =IF($H92="기한없음","기한없음",IF($N92<0,"기한초과",IF($N92<=34,"긴급",IF($N92<=120,"주의",IF($N92<=240,"관찰","여유"))))) -> 관찰 | P92: 진행중
A93: 1. AI 혁신생태계 조성 | B93: 전략분야 11) AI 기본 사회 | C93: 88 AI 전환 대응 일자리 혁신 및 현장 역량 강화 | D93: 88-1 | E93: AI시대 일자리 변화 대응 및 고용 안정화 방안 마련 | F93: 사회 분과 | G93: 노동부는 인간과 AI가 협업하는 고용 생태계를 구축하기 위해 과기정통부, 교육부, 산업부 등 관계 부처와 협력해 ’26년 2분기까지 ｢AI시대 일자리 변화 대응 및 고용안정 종합계획｣을 수립하되, 동 종합계획은 ①중소기업 AI 도입 연계 훈련을 포함한 노동시장의 구직자, 재직자 등의 AI 역량강화, ②플랫폼 노동자·프리랜서 등 비전형 근로자 대상 사회안전망 확충 및 공정 알고리즘 기준·근로자 정보접근권 보장 방안 마련, ③AI 대체 고위험군 직종별 맞춤 전환 지원제도와 실업 안전망 확충을 핵심 축으로 한다. | H93: 26.2 | I93: 노동부 | K93: 과기정통부, 교육부, 산업부 | L93: AI사회산업팀 | M93: =IF($H93="기한없음","",DATE(2000+VALUE(LEFT($H93,2)),VALUE(RIGHT($H93,1))*3+1,1)-1) -> 46203 | N93: =IF($M93="","",$M93-이행현황요약!$B$3) -> -3 | O93: =IF($H93="기한없음","기한없음",IF($N93<0,"기한초과",IF($N93<=34,"긴급",IF($N93<=120,"주의",IF($N93<=240,"관찰","여유"))))) -> 기한초과 | P93: 진행중
A94: 1. AI 혁신생태계 조성 | B94: 전략분야 11) AI 기본 사회 | C94: 88 AI 전환 대응 일자리 혁신 및 현장 역량 강화 | D94: 88-2 | E94: 원스톱 AI 고용서비스 체계 단계적 구축 | F94: 사회 분과 | G94: 노동부는 「AI 고용서비스 로드맵(’25~’27)」에 따라 개인·기업·행정을 포괄하는 원스톱 AI 고용서비스 체계를 단계적으로 구축한다. 기업 대상 구인공고 작성 - 채용확률·분석 - 인재추천 - 채용 관리까지 원스톱 AI 채용지원서비스를 ’26년 4분기까지 완성해 기업의 채용업무 부담을 줄인다. 또한, ’27년 4분기까지 24시간 고용·노동·직업상담이 가능한 AI 민원·상담 서비스를 구현하고, 고용 시장의 AI 데이터 축적을 추진해 AI 고용서비스의 개발·제공 속도와 품질을 지속 제고한다. | H94: 26.4 | I94: 노동부 | L94: AI사회산업팀 | M94: =IF($H94="기한없음","",DATE(2000+VALUE(LEFT($H94,2)),VALUE(RIGHT($H94,1))*3+1,1)-1) -> 46387 | N94: =IF($M94="","",$M94-이행현황요약!$B$3) -> 181 | O94: =IF($H94="기한없음","기한없음",IF($N94<0,"기한초과",IF($N94<=34,"긴급",IF($N94<=120,"주의",IF($N94<=240,"관찰","여유"))))) -> 관찰 | P94: 진행중
A95: 1. AI 혁신생태계 조성 | B95: 전략분야 11) AI 기본 사회 | C95: 88 AI 전환 대응 일자리 혁신 및 현장 역량 강화 | D95: 88-3 | E95: 개인맞춤형 경력 설계 지원 및 노동분야 AI 윤리 가이드라인 마련 | F95: 사회 분과 | G95: 노동부는 ’26년 하반기부터 평생학습·고용보험·취업 서비스를 연계한 개인맞춤형 경력 설계 지원체계를 운영하고, ’26년 4분기까지 노동조건 결정에 있어 AI활용의 공정성과 투명성을 확보하기 위한 ｢(가칭)노동분야 AI 윤리 가이드라인｣을 마련하되 근로자 권리보호와 기업 혁신이 상생하는 균형적인 방안을 마련한다. | H95: 26.4 | I95: 노동부 | L95: AI사회산업팀 | M95: =IF($H95="기한없음","",DATE(2000+VALUE(LEFT($H95,2)),VALUE(RIGHT($H95,1))*3+1,1)-1) -> 46387 | N95: =IF($M95="","",$M95-이행현황요약!$B$3) -> 181 | O95: =IF($H95="기한없음","기한없음",IF($N95<0,"기한초과",IF($N95<=34,"긴급",IF($N95<=120,"주의",IF($N95<=240,"관찰","여유"))))) -> 관찰 | P95: 진행중
A96: 1. AI 혁신생태계 조성 | B96: 전략분야 11) AI 기본 사회 | C96: 88 AI 전환 대응 일자리 혁신 및 현장 역량 강화 | D96: 88-4 | E96: AI시대 포용적 노동 전환 국가 전략 수립 | F96: 사회 분과 | G96: 노동부는 ’27년 2분기까지 AI 도입에 따른 사회·산업 차원의 기술 변화로 인해 발생한 소득 및 기회 상실에 대한 적절한 보상 체계를 확립하고, 같은 기한까지 기술 변화에 적응하는 ｢포용적 노동 전환 국가 전략｣을 수립하여 고용 안정률을 제고하며, AI로 인한 직무 소멸 및 실업 위험에 대응하여 소득 공백에 대한 지원 및 재교육, 직업전환 등에 대한 다층적 고용안전망 체계를 수립한다. | H96: 27.2 | I96: 노동부 | L96: AI사회산업팀 | M96: =IF($H96="기한없음","",DATE(2000+VALUE(LEFT($H96,2)),VALUE(RIGHT($H96,1))*3+1,1)-1) -> 46568 | N96: =IF($M96="","",$M96-이행현황요약!$B$3) -> 362 | O96: =IF($H96="기한없음","기한없음",IF($N96<0,"기한초과",IF($N96<=34,"긴급",IF($N96<=120,"주의",IF($N96<=240,"관찰","여유"))))) -> 여유 | P96: 진행중
A97: 1. AI 혁신생태계 조성 | B97: 전략분야 11) AI 기본 사회 | C97: 88 AI 전환 대응 일자리 혁신 및 현장 역량 강화 | D97: 88-5 | E97: 근로감독관 AI 지원시스템 단계적 구축 | F97: 사회 분과 | G97: 노동부는 임금 체불, 장시간 노동, 산업재해 등 노동권 침해 위험에 선제적으로 대응하기 위해 노동자·사업주의 노동법 이해와 근로감독관의 효율적인 노동법 집행을 돕는 「근로감독관 AI 지원시스템」을 ’27년도 4분기까지 단계적으로 구축한다. 이를 위해 행안부, 과기정통부와 협력하여 AI 노동법 상담 서비스를 ’26년 4분기까지 고도화하고, AI 기반 기초노동질서 및 산재위험요소 자율점검, 산업재해 등 노동권 침해 예측 AI 시스템을 ’27년 4분기까지 단계적으로 구축한다. | H97: 26.4 | I97: 노동부 | K97: 과기정통부, 행안부 | L97: AI사회산업팀 | M97: =IF($H97="기한없음","",DATE(2000+VALUE(LEFT($H97,2)),VALUE(RIGHT($H97,1))*3+1,1)-1) -> 46387 | N97: =IF($M97="","",$M97-이행현황요약!$B$3) -> 181 | O97: =IF($H97="기한없음","기한없음",IF($N97<0,"기한초과",IF($N97<=34,"긴급",IF($N97<=120,"주의",IF($N97<=240,"관찰","여유"))))) -> 관찰 | P97: 진행중
A98: 1. AI 혁신생태계 조성 | B98: 전략분야 11) AI 기본 사회 | C98: 88 AI 전환 대응 일자리 혁신 및 현장 역량 강화 | D98: 88-6 | E98: 산업별·직무별 AI 영향도 분석 및 직업 역량 강화 | F98: 사회 분과 | G98: 산업부와 노동부는 ’26년 2분기까지 산업별·직무별 AI 영향도 분석 및 직업 역량 강화 가이드라인을 마련하고, ’26년 3분기에는 직장인 대상 AI 재교육·전환(upskilling·reskilling) 프로그램을 시행한다. | H98: 26.2 | I98: 산업부, 노동부 | J98: O | L98: AI사회산업팀 | M98: =IF($H98="기한없음","",DATE(2000+VALUE(LEFT($H98,2)),VALUE(RIGHT($H98,1))*3+1,1)-1) -> 46203 | N98: =IF($M98="","",$M98-이행현황요약!$B$3) -> -3 | O98: =IF($H98="기한없음","기한없음",IF($N98<0,"기한초과",IF($N98<=34,"긴급",IF($N98<=120,"주의",IF($N98<=240,"관찰","여유"))))) -> 기한초과 | P98: 진행중
A99: 1. AI 혁신생태계 조성 | B99: 전략분야 11) AI 기본 사회 | C99: 89 AI 시대 복지·돌봄의 접근성 확대 | D99: 89-1 | E99: AI 복지·돌봄 혁신 계획 수립 | F99: 사회 분과 | G99: 복지부는 ’26년 3분기까지 ｢AI 복지·돌봄 혁신 계획｣을 수립하여, 고위험군 위기 예측 고도화와 복지행정 자동화를 포함한 예방형 복지 모델을 구축하고, AI 기반 재가·시설 돌봄서비스 혁신 및 유망 돌봄 기술 육성 등 돌봄 위기 대응 기반을 마련하고, ’27년 4분기까지 이 과정에서 AI와의 상호작용 확대에 따른 정서적·심리적 부작용 예방과 국민 정신건강 보호 체계를 이해관계자 및 전문가들과 논의하며 함께 구축한다. | H99: 26.3 | I99: 복지부 | L99: AI사회산업팀 | M99: =IF($H99="기한없음","",DATE(2000+VALUE(LEFT($H99,2)),VALUE(RIGHT($H99,1))*3+1,1)-1) -> 46295 | N99: =IF($M99="","",$M99-이행현황요약!$B$3) -> 89 | O99: =IF($H99="기한없음","기한없음",IF($N99<0,"기한초과",IF($N99<=34,"긴급",IF($N99<=120,"주의",IF($N99<=240,"관찰","여유"))))) -> 주의 | P99: 진행중
A100: 1. AI 혁신생태계 조성 | B100: 전략분야 11) AI 기본 사회 | C100: 89 AI 시대 복지·돌봄의 접근성 확대 | D100: 89-2 | E100: AI 기반 탈신청주의 예방적 복지를 위한 법적 기반 강화 | F100: 사회 분과 | G100: 복지부·기후부는 금융위, 개인정보위, 국세청과 협력하여 신청주의적 관점에서 벗어나 AI 기반의 예방적 복지를 실현할 수 있도록 신청주의 완화, 복지급여 선제적 안내·제공의 법적 기반 강화를 위한 ｢사회보장기본법｣·｢사회보장급여법｣·｢아동수당법｣·｢저출산고령사회기본법｣·｢에너지법｣ 개정안을 ’26년 3분기까지 국회에 제출한다. | H100: 26.3 | I100: 복지부, 기후부 | J100: O | K100: 개인정보위, 금융위, 국세청 | L100: AI사회산업팀 | M100: =IF($H100="기한없음","",DATE(2000+VALUE(LEFT($H100,2)),VALUE(RIGHT($H100,1))*3+1,1)-1) -> 46295 | N100: =IF($M100="","",$M100-이행현황요약!$B$3) -> 89 | O100: =IF($H100="기한없음","기한없음",IF($N100<0,"기한초과",IF($N100<=34,"긴급",IF($N100<=120,"주의",IF($N100<=240,"관찰","여유"))))) -> 주의 | P100: 진행중
...
